customer_id,CustomerFullName,CustomerPhone,CustomerEmail,CustomerAddress,Country,City,PostalCode
1,HBNPTJREPKSFGV,14010230901.0,unorc@example.com,LCJFUQABSTZFJJRWHTGJYAVOJVC,France,Paris,40804
2,RTWHUJQIMHQ,13117763656.0,mcgsw@example.com,IMFSBLKMVCQIWOODNNNRC,UK,New York,75206
3,PUHZJLRWIWYDEWPARR,10446302347.0,xrqvi@example.com,HSBEXIKPTBGEYAUDIORJ,France,Toronto,20934
4,YSIACZBBQFEUKIVYDGM,17193143122.0,nvhne@example.com,KQZRLWMRVQJOTWXHUKRDSWVBTC,Canada,New York,40723
5,QTBERMRKNLDGM,0.0,xtnlv@example.com,QLSYJTMNPZXAXRC,France,Sydney,30405
6,KGYOSTQWALSY,0.0,hapvh@example.com,NQXNUYHLNBFLDZDPTPXHCHXMGBE,Germany,New York,28748
7,JZKPRIVINTFLWK,11269281285.0,ecmec@example.com,EDQTAPKWKQDPLWEMMCIRROXUOGIP,USA,London,80766
8,DXFRFAYJLGXKTXA,18431040556.0,unknown,WWTMWDNINKTMQVED,Germany,Berlin,56413
9,FJGLSJZBIAJAZ,18527477263.0,wfnvd@example.com,MLCDQUROGINVVJJSXMCPKDCBO,Australia,London,32354
10,EQMFXJBESBV,0.0,tsjwm@example.com,AAAZUJAPETRCHOCSBLURJJMLGZXPV,Germany,Sydney,84490
11,HOFDLPUBHV,18536870291.0,lnmsi@example.com,EVDIRNAVFFNPFTKNIGXHLJK,UK,Sydney,98675
12,CAHLGQMXZRPHUXL,12452143493.0,pifng@example.com,FLWVMVGIXCCPRMVWIF,Canada,New York,27388
13,BGVDYTPQCXCNNGA,13751270528.0,scola@example.com,IRTMAFSZVAXVLWYPDDJNTRCFRIZMS,Australia,Paris,46523
14,DYKAKLOYZXOZV,19015390931.0,kvcqm@example.com,PSFBPTNADUEJRIGDUOQZEKFE,Australia,Toronto,67693
15,FVBWIHSHTJQSA,18658712693.0,hmhhx@example.com,WMFOMMJBBIVZTJUKUHUR,Australia,Berlin,45732
16,ZOKYGPCWLXPTSB,15862560646.0,mlemw@example.com,UDRVPXBZGDERJIPS,USA,Toronto,51646
17,SWKKBEEYXXJBORLJG,16528482646.0,lsjob@example.com,QDAFPMDTIYWDYEZDUYKQGIQS,France,Paris,31021
18,OCPSGQDVOIQAB,17744755169.0,fpabw@example.com,WDIZKMXPJDCUWVGULREWQETLWPP,UK,Sydney,62776
19,WNEDMJMVXLWRKRVL,16514539549.0,ywozp@example.com,GTMEXSTPJLFWZYUSUBHT,Canada,Berlin,29116
20,UPNAGSYEQJ,18509901139.0,hnxjo@example.com,CGCKLMDBFULJZTDQLSUOBGS,USA,London,82009
21,XNWFYLTZLALZF,0.0,cfbig@example.com,HRNHUYYFCLAQELZRMZICDJJBRCKV,Germany,Sydney,98271
22,QJSKAEXNMBNFF,17976117116.0,sfzaw@example.com,EOXQBEQKJWSFJKGPUMWKC,Canada,Sydney,86620
23,WAZTKVDFBYTEOW,16064415361.0,unknown,WDGJLKEZESOGDGGJDRVFUA,Australia,New York,54771
24,QWJIBKBPDQILECFGD,17476288129.0,hfost@example.com,WCGBNYYEEPOPXIHZ,Canada,Paris,38756
25,UOLNWJZCBBK,19002245396.0,unknown,BJZRRSEAYUWKUKZCCPTO,Canada,New York,92604
26,TNESQOTQLHOUB,12347820112.0,unknown,MJSJPFEOQDHLMIZOKOVODPJBLYHUX,Germany,New York,12919
27,UQUXJRXXLADEZX,11056086325.0,kwonu@example.com,QXESKQXFLGPCLZHCOUFH,France,Toronto,33550
28,AGTZLUFTQKHK,12384948166.0,kmrgq@example.com,MUQQVNZPKFZJGWIVJLSLSOTFOT,UK,Sydney,46524
29,SZTEJMYEWCQVJQFXNI,0.0,kvfnf@example.com,WRUEHKOZENJFNTDN,Australia,Paris,64606
30,EWVYTHYPGWBIUJSDM,14957824500.0,nscqt@example.com,RTKYYLPTIUKYIYIGI,France,New York,78819
31,BSFPONMQRTAVDPRJTHF,0.0,gqzjr@example.com,DFVKQANQXQIJRIY,USA,London,80227
32,EVDDSZZVIM,14158408665.0,zrumh@example.com,MKBDKIYXLUQBNTIDEQMUNRIZJLI,Australia,Berlin,33212
33,YVRVWRQVHKFHVVHS,10634621077.0,eaqep@example.com,XLJFZXITNNMZDGEDRBT,UK,Paris,50118
34,FDWGYBBVNIGV,16989024165.0,rcriu@example.com,XHWTWIXUCRTMKYZTYJUMCVYX,USA,Toronto,38602
35,XLRSPLFALXKKIB,0.0,nqsoh@example.com,CTTQULMPSGGUUQODMQAHYRPPIQI,Germany,Paris,27540
36,UHAALDALNALEBDXKVR,17443634868.0,dxoqx@example.com,ZJOHQHQMHBUOWXF,France,Sydney,45829
37,RTOUOIWHWJHK,17221292258.0,zykln@example.com,CPWWBJCXKOYBISQAWHAKPW,Australia,Toronto,66309
38,SLGACWMDWZJFDW,16660383615.0,gckbq@example.com,OGFDDJVXXSJLVTIGXATFV,Canada,Berlin,75403
39,NXWRHENYVOTYQDUTM,14912224986.0,unknown,PPBWCVSFZJHUACAHGKJTKTQNDAUE,UK,London,81455
40,QCIWUKVTUXEZRXLSEL,15345781776.0,mnqjt@example.com,JRIRELYPXBBUPDCT,Australia,New York,32277
41,QNCAWMRJWSSQGHP,13864355860.0,unknown,BTLMSWYAGSMDPROK,Canada,Paris,69673
42,IMDJUVIYXZRLZ,0.0,gqedq@example.com,EXNKRHILUYXRKEYIHRVQMWFXGBBLB,Australia,Toronto,27676
43,QLBNFKNWNFAQQQJJNAB,15423529649.0,dtvtu@example.com,ZXABEYKNHQMHOGOINOKD,USA,Berlin,52844
44,TCDETCCDFGD,10880339716.0,kjcpm@example.com,ZVODNDIAZWHOFAFTNHGXPAJLIJJC,Canada,New York,74708
45,OFEHFQPKANMJJVHID,17292870135.0,unknown,IQVELDJQBTVFEHPC,Canada,Berlin,19752
46,ILMHMXAZVKYXBEKD,12339666343.0,jkzxm@example.com,ZDAFRDLNCSBXBQEAPFELQWK,Australia,London,91548
47,YLCYQWHFDDGJFDUJT,18307510967.0,targg@example.com,BZYPSHDFXTCIZWYSA,Germany,New York,84711
48,TFKRWILKZR,19836412794.0,bhkqo@example.com,WAOEPESLMHQYLNKWA,Germany,New York,50670
49,BPIPLQMDMLBQOMBZ,12766643555.0,lthex@example.com,PBAAJRVUUBWCNLYX,France,New York,77603
50,ULAOCJFEVHFKNUT,17593993460.0,hymnn@example.com,IMJFERGPKUJHEACOJAJPLEV,USA,Toronto,41478
51,MIJKFUXEEPXYHO,0.0,aaigi@example.com,KUEFYBVJWDLEWPXSOSYLA,Germany,New York,36439
52,OYHNGWLAOGOJFPNLQJ,11007181366.0,bhadx@example.com,HUCLGTFENGOPWSUBBUUIXXJD,Australia,Berlin,44747
53,HYKRMTPWNLMMPAXLIMM,19720323500.0,unknown,AVESAUQVSCCLSKJJCREFVRM,Germany,Toronto,39810
54,RXXRIAGMOBXHTXEIQ,11992485470.0,akddl@example.com,DJPPXQKWUHNRAIT,France,New York,28302
55,NIOVTAMJLNFKWG,16788792542.0,qkzeb@example.com,DBREBVKWBLXYJSDGNMATABPYB,UK,Berlin,76236
56,TDULYBTNIVNFWETSRG,11199938147.0,unknown,LSOPPKFQGKMPMHYIENUKLTTJAPGX,France,Berlin,74467
57,ATIHKGUQUOHTLE,19165069801.0,zlzdr@example.com,DCSWVQLQAUAWYKCDGRTGKYNHTPRL,Canada,Paris,44841
58,ENDOTVJQDAFHDXNBE,16012111693.0,uwupe@example.com,TYIUMFVEJWKNWPGVRHNJNTV,Canada,Berlin,54713
59,NGIAXTJKULAU,13740192389.0,bmkcf@example.com,WQFOHEHVWIGRNHAQZFNXZQQLUPC,Germany,Sydney,59546
60,HXFLIDFCBYUREVXULB,19452115568.0,nfmaq@example.com,ZQBMNDXFTWINVQHSUBQGCDRN,Germany,London,13048
61,ERFKGPHCKTVSKVIL,12667421374.0,unknown,MYYQLGCEUTANIUOBRD,France,New York,43290
62,BJBWDYYPFJUGEM,10245176664.0,pliev@example.com,MURTDCZGBNEBIPVH,France,New York,68906
63,IWODATNSAJDWRLGFIB,11722111572.0,ncgru@example.com,CGRPDZUDPRBVLIGHFLHJ,Australia,New York,86637
64,MKVVSFILKCRXMMO,15280678454.0,odxmr@example.com,JGSCLSJUFTOUSKHJVN,USA,Berlin,39778
65,OOEEBRFRVGTZ,19463531134.0,pabbp@example.com,NOLQJLSHPRTJUKFRMK,Australia,Berlin,37425
66,CQTSHUWSSFZTH,10247353467.0,haoqz@example.com,NWYYDJTRIUMWSHKWHRXQJVVZJWDH,Canada,New York,93388
67,EAAXWAFBLQJE,19976331852.0,qcuxx@example.com,NHWZVNHRHJDKNWPJ,Australia,Sydney,68176
68,BLEOWTRUFXNYKZ,12014826523.0,lzemu@example.com,HOSHQYRBEPXQOSXWVOMQTLCJJWMXG,France,Toronto,22674
69,WYIFCHPSAMLTYHNFC,14176876894.0,gaqmk@example.com,IDCKXQZBZUIFWLSUDKE,Australia,Toronto,72402
70,WNUCLLQKIEKG,12585214770.0,qxxmd@example.com,FTVPKXIVWBDPDIVHZG,UK,London,98731
71,ITOKUCWOQXCTZDKWGTV,0.0,ewnpf@example.com,RUIZJVKYYBSJORELHFXAYMOKWDHG,USA,Paris,99907
72,ZNDMAWRMCHRBTFZRY,15499807589.0,unknown,MUEAYPKVRXIDGWGMSGUGMDLHP,France,London,43053
73,IOWCYIVRWTT,16279223256.0,pdpuq@example.com,DUOZLWBWWFRXVLPASDJJXGFZV,Germany,New York,21957
74,UQCGMIIWEDIFJRCW,12269825478.0,cxfsb@example.com,LJYLMOUMSPKARGLRLIQDXXDTTAC,Australia,New York,82644
75,GLEQZSYDLUOBZ,17067436518.0,vncgw@example.com,UHUTWAFIRIWWTJPUL,France,New York,63616
76,ANDFHTBDQXISHIMHN,12020965735.0,kordc@example.com,NVHOJEZTPXZHKCBAATJR,Germany,Paris,27829
77,RJTALCTLRLG,12354181746.0,phhdp@example.com,PCGFKEIDLJCWGBYHM,Germany,Berlin,15837
78,CGWMKYTTQOFFGIZZZIU,15138603920.0,dfvfr@example.com,ABRXSGZVBPYPYWDQNHIHRGZMAUHIZ,Canada,Paris,74141
79,ARRLAXSZNNZ,14831671989.0,lhngb@example.com,XOCXUWKNLVEBYWGEC,Canada,London,25032
80,FQMWSYYTBJIULHIKA,17334063033.0,hkqjg@example.com,JKHFLMBWUPXVZMIMOHWQJIX,France,Berlin,36352
81,WBNDTWOBXXPV,10878646196.0,fisye@example.com,QSSBKHUQARGIYIJ,France,Berlin,40215
82,BOSSPLCTOGIZO,13461419597.0,evcdl@example.com,FLUJPZXVXNQTZEDVMGKKXXUXL,UK,London,66319
83,MGZVPJYXBSFUR,16423157784.0,zfujh@example.com,LCAJAAZKPCXYCHMPO,USA,Berlin,84642
84,UUAOJCYJCVF,19519328553.0,wqfej@example.com,QCNAZISZJUKZZNPGIMGAWGBW,USA,Toronto,51247
85,WYIHUXYAQME,15082461350.0,ylnct@example.com,AIJJEGJVXZCLTPRP,France,London,53048
86,IYNSACPHGUKZOYMT,15415405681.0,ddyhy@example.com,JAPEXLPVNJYPOVKYFSO,Canada,London,85532
87,EVDSOUEKRJPDSWE,15507414369.0,dsome@example.com,MSAJXKLNPGUDPSCIQDINYZYLS,Australia,Toronto,76714
88,WBJTFSFZOAHZUKN,17007376863.0,orerj@example.com,KDMNJPTTFLPHCORHIWT,UK,Paris,45319
89,NZJQKJOLCV,14612281370.0,rgjdv@example.com,LOLORCZRHRJGBRJSCFJTY,USA,Paris,26025
90,XZGKRQWPWCZ,18534674621.0,unknown,MUXJSNKYTPCMNIDVNKLWQPAP,France,Paris,19780
91,XEGSVSLIWQXYJRAOK,11925902210.0,coqcc@example.com,ZKBPPDAZKGFFYTXR,Canada,Berlin,32706
92,YFMZHGEEPFPOF,10075826588.0,unknown,ZFHCDFQAOOLXFTEGHJGGWN,Canada,Toronto,52916
93,HCIUIESYPPRLPE,18686811695.0,xszfq@example.com,UJMGCEWRGFHGTUKJZF,Canada,London,85503
94,GTNXPAEHBVGF,15406179611.0,dqbsu@example.com,ZFJIHLUUJLZRZSNM,Australia,London,40856
95,CFWSZBSQWDCNVCKJCIP,19747087570.0,iycmx@example.com,GHOICEDTUUTFWHCDQQEQYLC,Germany,London,19179
96,EZOZPRFDWMA,17039229879.0,rytob@example.com,YUBYWKFQSMUEESODFCXKSDVG,Australia,Berlin,48623
97,BODMWNOHIEYYCGHPQ,17677957162.0,ulgkv@example.com,YEPUYSRCEGGCZIHUR,Canada,Berlin,27587
98,UASRRTEKAVKKETVRHVO,17442011616.0,yogvh@example.com,JTHHQQDFSADKFLENQDOFMLJF,France,Sydney,33733
99,PTLBTYTMXSMU,10166196875.0,wwxlf@example.com,IPHGNZDCCSJNUFLLDJLQ,UK,Paris,98306
100,YPYJGBDVYVD,13272428629.0,znedx@example.com,GJASZVTEYZYFAVOBWRMBH,Australia,Sydney,13975
101,PWWFSEWFGE,16303975003.0,yydio@example.com,XEVWOYMWYUQDGBIBQURFRVFZB,France,Sydney,88455
102,ZUBZJBTNVU,0.0,rgtpk@example.com,FIDJTBMDKJMGDVEG,Canada,Berlin,85138
103,JHZAHPNSZJRBEBTC,14944393657.0,dhcue@example.com,CMCENTEQNPTFWXERROSDFUUII,UK,Paris,55463
104,IKPNNVTKKRKXNSRDM,10911125262.0,cticz@example.com,SYQTNHIUBXHYVIMZJXMEOTGVL,USA,Paris,52154
105,SIWKQZEUIPL,15112781603.0,yjquu@example.com,PBJITCKJMVBPHYTJWQ,USA,London,85676
106,QNZGWPOXDW,15622428196.0,kikxg@example.com,TUJXBBJUBNSZIPYV,France,Berlin,96706
107,OQBHFGXPEURTKBG,16272409314.0,anknw@example.com,XCXKWLYGUETBUZDQRBIRLJG,UK,Paris,38830
108,BDOHYDHGMETVVRSKFD,13334883874.0,rilnl@example.com,CRXBYCOICYFKBQCGJSCWWTAJMHXV,France,Sydney,82126
109,TFOCQVBYPVQK,17619781198.0,cipud@example.com,OAZLCFJFQGNBXNFARFRDYNCNE,UK,Toronto,56745
110,ULHCKMYIOLJUD,10225627129.0,unknown,SHZEJMFVTJMTJAVDMFHIINAEWQFQ,UK,Toronto,40609
111,IFGQDBQGKZTRUGRW,11152280811.0,xhpwm@example.com,WEBRFNVAKJOIGLHJBVNI,France,Berlin,27401
112,NHGAYFDPOVRR,14570497198.0,bxvum@example.com,PEHTAWQGZKGGUDT,UK,London,37729
113,JEGQFKJGZGJMCYIEY,19360107086.0,rsddu@example.com,OBWXXIWNPQXGBFC,Australia,London,55167
114,WYRZOEHHSEDTRVLA,14032609342.0,biyiu@example.com,FFHHIOQDZAFSEKJIPSR,Canada,Paris,67391
115,ZIUMVAFANEMYEOCDC,14348771239.0,dpyhg@example.com,MGQIZJTVMWXPDYJAHYTURE,UK,Berlin,68171
116,LZNFSEWQSVZRX,10811798019.0,mehub@example.com,SIOEEWLIEJYWFJFTJIYCKKDQI,Australia,Toronto,98096
117,LREMDRTIZBZJMFTH,0.0,pvrji@example.com,FKSRHVNSPCMXQSEUPNXVSTDFIHLKG,UK,Sydney,16647
118,YZSGOEQSYYUEK,15368651260.0,owcom@example.com,YVYHJCFKDLCZUXWJGZBLNGQ,Australia,Paris,31106
119,NDDBGSALZSYLI,10242861992.0,zxaoi@example.com,VZWZRXXVWUEKHNBTGHDJNVOJPCWBA,France,Sydney,16015
120,GAFJARCKNFKGHYWVEZR,12862034839.0,gzrho@example.com,PZLEZTUYOQHSWSLUGFBCIKVRP,USA,Paris,31506
121,UZRCJZOWZHUZHNJMJ,0.0,nvfnd@example.com,JPITBRPZTWNUWLDQTUV,Germany,New York,34067
122,RPRXTXYFIPFKCHA,16127979007.0,unknown,GDONTVAIVDTIIVLPEQ,UK,Sydney,12056
123,OOSZJSIGNBVMTZW,0.0,qpbao@example.com,FIKBXGQKVXJZAZSATTFPLKV,Germany,Berlin,39328
124,GVHWPYTIUKYND,0.0,imzqc@example.com,WGVNYMTHNRZDWWDI,UK,Sydney,87712
125,ONWPTUCFDARH,18791410863.0,fviit@example.com,NLVSRLAJXBNTPSNX,France,Sydney,62832
126,POZBLDWKBFQSI,12269861576.0,qzibo@example.com,WDKVUBGYMHLGVBFKQOVWTZKWIQTJ,France,Paris,52771
127,NPXATCJYOWCAMO,11682248066.0,jjdgb@example.com,DPAWXGBDBWPDWVJJCI,Australia,Toronto,96805
128,JCRSUEJXPTRHMH,13509324740.0,iejiy@example.com,XGSUHRDEPRFWXLTESUMVMDKFI,UK,New York,56515
129,MXLMQOITDXLXVDMCEMN,11189638868.0,hcysy@example.com,GXLJCGYJALAMGRHFOR,France,Sydney,74538
130,WKHLKQMDMIVNLZXMH,18648235697.0,rnkwb@example.com,WLHEBRDSWUUZHAVLFT,France,Toronto,78650
131,KXTFGVVXOEXITS,13822410872.0,uboxr@example.com,KIYHQKPILDCLRDPGJANRA,UK,London,88978
132,MZZLEGCMKJIFNJ,0.0,pybmt@example.com,ZGXRQKBHEVDCKYUWOWGX,Australia,New York,50151
133,QBZBXDGTDHNZTCKZYC,0.0,unknown,QTQTKRXFNEOBZSOIE,Australia,New York,11629
134,PKAIVETXKBJEXQ,15156777750.0,auhsu@example.com,AUCEXTPFHCZLXAZT,Australia,Paris,93463
135,GKKZLEJYLNAN,13196049736.0,iayqt@example.com,NKTGDFNJDMVHRELWEGSN,Australia,Sydney,99432
136,JLFPJTLJJVZKIILB,14014668232.0,qxgcp@example.com,TUKCMFZPWFFUFVMZHQBFFGAVH,USA,London,38155
137,RVWYMVPMHZLSJVBOQF,17871904128.0,ubzee@example.com,DQCWYBNFWRXBLZEJO,UK,Paris,28288
138,KEVMPZVJMWWK,12081956875.0,ioupr@example.com,JVQMGVDBVYXZVEJWSIVBUYVIMAO,USA,Berlin,60588
139,AHZTQJBSFBRNFLT,13339160431.0,sfqvu@example.com,MNKBYYAKUVPEZSVYJTOBCNWQGNZJ,France,Toronto,96951
140,HCEQZTENTNIHKR,18035399319.0,npbrr@example.com,PNNWJOZVRACIJEEOZZDDWZRGTV,USA,Toronto,46085
141,BVBFFKWJMUSBTNALRX,18800782218.0,cnzrs@example.com,ANGSIULVJFWCKAAGKJBGXAEZRCEJ,Australia,Paris,21251
142,USNKQVOPNQDNDC,11619952051.0,ycgcf@example.com,RNDGVSTGKQNHXSVBHKX,France,Toronto,35574
143,VFVVDGGRLPFEJ,16803482544.0,ylvpt@example.com,FKQPTIMGPDKSNZOHL,USA,Sydney,19623
144,CIYJYJUFYD,11942150572.0,exkml@example.com,XFWMRCTVBCHCJXGIVURPQTGSE,USA,Toronto,96472
145,ILWVJFMEDCWER,19625624234.0,xpoge@example.com,OBYOUENSBYTUSFUSJPQJMM,UK,Sydney,64715
146,EIFORHLVFHWO,16331423735.0,moiqd@example.com,NSSEIOLDRALWYVIDFBKKZEWFA,USA,Berlin,16123
147,KYQMTZYPRMCCFO,12035846073.0,njwel@example.com,UIAZYMQPLBDMFQWPY,France,London,13061
148,CUCUCRHPCVKP,17823528266.0,mdmea@example.com,IOBBQNOZBCREDGGWEZTOXTE,Australia,New York,49095
149,AHLSRRUVKRF,0.0,darmy@example.com,NCWABMBKELRTQMFJARDDIE,UK,Paris,69618
150,ITPESVQWHS,16502400980.0,uoiij@example.com,LTEWYYATOTGLNVXLTPXKVRAZ,USA,Paris,38451
151,LPNDHXLKMHR,13785757688.0,ucdel@example.com,MYHPADPMRBWJEKBAQDTBRDXVANXU,UK,Sydney,91897
152,ZAWJFKGJLUVFF,11415379350.0,ffxxh@example.com,MJMKFWZFSJRMPRCOVQCBMDAKSKT,Germany,Berlin,91443
153,DBYZGUVGUUVXBJYNZE,13357332753.0,sttkk@example.com,OTEQHBFRRNXCXBQAWHA,UK,Berlin,44814
154,HTRUEDSKEPIYY,0.0,unknown,SLDLXWULGRGKAVHGUSWIJWAZMM,Australia,New York,95141
155,HAAWERDPTVXSGOR,14194010116.0,jneqt@example.com,ZOBOGLLEFFZSOIMCOBBGN,Germany,London,86868
156,GAMDBJEYCEKZRTBXWP,16612142955.0,gospg@example.com,LGBODURXFUXVYKGHJGGXFZDIXDC,Germany,Paris,47832
157,WYRFOLDLZKVIARFL,14175105133.0,eqdpz@example.com,YLUKKHIFYZCVJMIRCGEPIMLAXVR,UK,Sydney,19445
158,CAGRLVTPZTYGQDJF,18996850973.0,sdfnz@example.com,FQWYSTFEBXZJZKXBRZPWCYKVCFXW,France,Berlin,43490
159,DRAAPYMNKYT,19725393130.0,tmngx@example.com,WEJTKXYRUGPUXOHUHBOOLKEUIZL,Australia,Paris,39767
160,JPGEJRYGDJRRCMNVN,10402293063.0,ccrvv@example.com,BCZYVFZTSHQIAMRTUTLLLZJHLYUPR,France,Sydney,56057
161,EJNSWGZOUI,16403436085.0,panyr@example.com,KIUCDQHQEPQHULO,Australia,Toronto,90746
162,HIKVHZREHBRSRTPDQFL,17784775974.0,tpyws@example.com,WVJOIOOPXHSMNCEXSCP,Australia,Paris,99695
163,WNLUTBUDHJQGUJUQ,19792324441.0,zbimr@example.com,DLPQEOETPFDWHKKKQLNHTY,France,London,83100
164,MWREHGRWFMXIWHLJGG,18671996246.0,tbgvm@example.com,BCKVTEHGHSKRVPSO,Canada,Sydney,51043
165,EJUTOMNQGX,18905519848.0,hcnwh@example.com,OQOHKCMFIWTVPZYLQBAPEUQQXHO,Germany,London,96755
166,DISNCDWBHBDBYD,13444807601.0,unknown,LQJZLWTQTLHROIWUNHNKMGKYZLK,UK,Paris,37946
167,IBTVQAWFPDEEIE,0.0,fkriz@example.com,IKASPQTGAMOCDCIOFZFY,France,Toronto,46587
168,GOZYWHZCKYW,15710623616.0,mjjcd@example.com,HVXOYLMTEFGZEEJEGNZOZSJXJTND,France,London,13364
169,DLZMGSPJGCBAVPMCZNR,13802761464.0,juswr@example.com,FOXIAROOZFOGNJULEVFDNJGIPNBX,UK,Berlin,79854
170,XCTBXFYXDMHO,19049209366.0,guyby@example.com,JFCBZJFVUTYBDALJDLXJSCVN,Germany,Sydney,66088
171,YPUTEMQBMB,0.0,ihucl@example.com,BPDEXNDNEMTSFIVWHAGXLGQRPDEII,UK,Paris,87015
172,VSDQOGWMHAIRQQHCVV,14941855013.0,jnazs@example.com,LBWCHIKMTRNZYKBOBMYVKUOFO,Australia,Toronto,17398
173,BPQIAVLYFKF,17780734946.0,nvtfp@example.com,PAWHTHJAKHOSNDHXLRIDFNM,Canada,Berlin,12452
174,EMAPSKVBAMQNQ,12465178881.0,unknown,TXGNHLTBDUDKXJEIGWLECH,Australia,Paris,97208
175,JQMFZDDNDXWENOWHZXK,0.0,unknown,CDLAHICZFTIBCNMNNQ,Canada,Toronto,43193
176,WMNIOUHBLPHAYQXS,12453980959.0,nittz@example.com,LGILQSGPCSSTTHENSZULIFDAXEIGR,UK,Berlin,89401
177,MZWOZMCPISHHN,11685987474.0,yttxf@example.com,BHEEVGLMDIHNFAFPQEMVRSWUZKYLH,Australia,London,35345
178,MCZEHFEULFHV,17647564770.0,gdqdt@example.com,ZOYKFRPFENJDIBOMSDMGMAIUPQX,Germany,Paris,95895
179,YGNIZQSFSRUAEMKX,17976592637.0,nrhen@example.com,POANKWOTUZRDUDSEB,Australia,Paris,84335
180,JVTSXBHWRRBOQWXWOT,14255570909.0,unknown,ZQKWKKSVKHCIUHZRRVKBVISO,France,London,69196
181,MRUORSRXOJVUUPIBMA,16272501650.0,zqwyr@example.com,SIEHAQOOIGUNZASZZIZSME,Canada,New York,33053
182,XHFSSBRRWOZYZPM,19630828676.0,dxiki@example.com,RUWEETDEBNOFBIKVEKCZNIXSQQZN,Canada,Berlin,93220
183,XERXEPYFGAHGWGGA,0.0,fradf@example.com,NJWGMCFJEUFHYEJWAMEZSZ,Germany,London,15015
184,WWKPAFZXELQMEOBBTP,10978685280.0,rvqpv@example.com,PRSJYYBISLLCUMDAAUDXBHPVJI,Canada,Paris,18657
185,ZWILBHNXKHIYZ,10132063055.0,urlti@example.com,VGHQKKWOGCWPPNTVRTJZDNEFD,Canada,Berlin,61116
186,UWNGZJGXORMDLYTR,10674967629.0,recbz@example.com,VYLTKGKGXBAYINTDJSSUUTUCV,Germany,Berlin,31951
187,VDXVHTRFILIOMYCC,19184830743.0,xjyfm@example.com,VWHWZOUVFIUDRPDBWZVPFQ,Australia,New York,36521
188,SUUMUXZLXXYZFRIVQLU,0.0,egsfn@example.com,MBDIXQMGZNAIMICRX,UK,Paris,64431
189,QOWUUBDILBYXDLBF,14498619834.0,gqdmg@example.com,MPOSUJILHJBOTPJMKYPN,Australia,Toronto,20731
190,RXYEVVJRKQKEFNPN,11240006933.0,jvzbh@example.com,HSBDRZPGJFARZNXJXMFJZWBAFZSQA,France,New York,28744
191,XEEHNHITCJ,12131695514.0,grivr@example.com,NCJGRDTLVGNBQFSFBZMWOJHENYFLC,France,New York,73094
192,AJUFHFBHUCV,0.0,eoapm@example.com,RWAOQHMFNSIAUAMGADRZYCVGRARXI,Canada,Toronto,28423
193,SGWWXWMDUNDRGMC,10184311563.0,pbyzq@example.com,QBDOHOYGXITLDNKSWNKTMN,France,Toronto,27568
194,AYKSGYNGXV,16072662418.0,ditjq@example.com,QPHQLSIKZAQSMLWLMFMUKTUUKLW,UK,New York,57411
195,PQZNXVORLMZX,14392062909.0,efqhq@example.com,VOINCGFCWWJQVONKWRZOSYHK,Canada,Berlin,13934
196,JILYYDFNDZJEG,19772921783.0,visea@example.com,CSKSRUNNMSLSKAF,France,London,86945
197,JVZTMOUEYPFDFWWZ,13424374631.0,qrfwn@example.com,JIFMFTQBBJABOUDHSTXQGVEAREYG,USA,London,18172
198,FKNWOADGJANX,17385788862.0,uaqal@example.com,GQMXDLRWVYLYDUPNUHQVEBTWBVUL,USA,New York,37358
199,NVSFTYTFKVKQTIN,17684316559.0,cmdxi@example.com,QQHYGYRZZHONPFWWOVDCMLIELA,USA,Berlin,76313
200,FDGJGEDODOGFDSBOTWB,0.0,pneto@example.com,XUUBHLVQILFCVDI,USA,Toronto,29763
201,NIPVIQVCVELENQEMVO,13159271281.0,unknown,XBCOXRZHHUOEHNGNHQWGRMYLOMP,Australia,Sydney,58673
202,JPWPQGKNLI,0.0,nngyj@example.com,OFHNOFGSBDTLMLMOUOWNCVHXYLRT,USA,New York,95997
203,NPJESGVXHJVWCNTW,11386205836.0,oorip@example.com,GVNSUSZLGHKHPII,Canada,Paris,77975
204,COJGSJNHWTAFOEN,12040160563.0,buoma@example.com,KJUIECMPIHXFBFSRFX,Germany,Berlin,17804
205,ZFASOBSQKRXNSIKKDR,13146377629.0,bpwdw@example.com,TXXWBDPCGCGKPPXNPTGYW,Australia,Paris,57594
206,IEAYIGATQCWAXMZT,18790869934.0,unknown,IEJKVRJNWIBIUQEN,Germany,Paris,88748
207,LQUHXWWXXOQBJ,16736583327.0,unknown,XSIUCZQDGCIUNLFW,Canada,New York,97189
208,AYYMLOJBVOTJWBMJQ,17325876641.0,labqq@example.com,NURCPKMINOSBXMXWRBCNZALE,Canada,Berlin,97507
209,LILYULSVZQPJXJTBTA,18289109607.0,hdmzm@example.com,STIWGCGOYKZYJAICFRDSFADAQD,UK,Paris,77525
210,OZXOFQMARWBCKYAYFPO,12280612972.0,unknown,GHCLSJTFRFVREKGICWS,Australia,Berlin,83404
211,LJXGJGFMKXYHYECDDY,11627357342.0,aicgo@example.com,ROTXEHVLQSXNPODRHEQHMIXNQV,Germany,London,34604
212,AOMEREKUCDGZDCJTKR,13976548325.0,gkpzz@example.com,GAXDTKJMTVMVFRULBFGV,USA,Sydney,32135
213,UIYQLAXWGN,11852189258.0,ltxhm@example.com,KZZUINKFSOYNLMELQ,Canada,Paris,47918
214,LUHGNBBTQJUEAEDLNZ,12813926330.0,bhole@example.com,SCRRICZKTPOFZIANSCVIIEYF,USA,Paris,60849
215,DYICCCGAMDYLHS,19244369936.0,blfhd@example.com,XLGGTJPQMENINHTJIVG,Germany,Berlin,40847
216,FJMCIJMPWHZKBSWBF,15547885402.0,jpyhp@example.com,JZHQTFTSMEDULOBOSHOXJMXS,Australia,Sydney,53774
217,KPFEICUUHHQFLFOK,17007615875.0,wgxlg@example.com,KRSRSGENKKUBYIA,France,London,70709
218,BUFSQIBDYIHDAKKGRHO,0.0,unknown,XHYBFBQGCXSLRXHLZAAJCJDXLNHXG,France,Paris,20680
219,JNBJSOVTBQCDYYELUWX,14898316060.0,unknown,QUOOEUASABKLKHT,Canada,New York,65037
220,LEWORYSWYYCB,14070501372.0,unknown,UBIMJIMCQRHXMRZPUN,UK,Berlin,68914
221,EMHFLGKHIDEDYL,17659055975.0,ezowb@example.com,MDAAFOOGIMFJUULCOTKSZJI,USA,Berlin,36309
222,OHKNGPWHKAQ,11921206486.0,hruyb@example.com,APUOQTZQYYDANVNOEOTLO,Canada,Paris,20349
223,RLTVUEFZWBLKDGEK,10016682275.0,brgne@example.com,VPGASGJVRHFAWYMH,UK,London,85079
224,IFMDKKPZTSFXQRDWRKL,12725035439.0,indah@example.com,XXDEOEXKJIHBWPCRRJRCT,USA,Paris,70820
225,XCORPGKJITRYZUMZWJU,10309326559.0,unknown,AJHHTQOKPVWPAXTAYNNX,Germany,Toronto,84996
226,VEXLDCNCBHGVBR,12526189103.0,wqbeo@example.com,DHPHZORMJXFSXABGLHMYAYR,France,Paris,44553
227,QNLZRYQPJDBENJHAIWU,17659637397.0,jrxmu@example.com,LWVVSULBUOKSYACAIUNWPC,UK,Sydney,38525
228,IIRXEPBYDUWREH,14869951501.0,nycft@example.com,IQZQDLNVNNPYIBEERKIILDCEUGXNE,USA,Sydney,15948
229,LXBDKLSBJJ,14601387983.0,wwulz@example.com,APYSWBREWKPIPCCTXBMFNX,Canada,Toronto,24498
230,ZVSZTDRTRNT,0.0,etigv@example.com,IRWCLSENZHUMHDPWUZCENYOGX,USA,Sydney,28991
231,OOYTDONGQWIDRMODR,15777806981.0,unknown,AWJHHIFOWXMIRTDTQMRYHJQ,Canada,Sydney,69790
232,GFMRVIKPHYEOZBEJSNM,13538908900.0,egzmz@example.com,ZSTXLHSTCHXHLOANUAIMWA,France,New York,17660
233,GRFOKQJPSKGUX,14098584518.0,pkcdq@example.com,FNYGWKGXQZTGYRPFBTWBYOF,France,Berlin,36245
234,WNAQVMHSXHQEYKZN,12474933429.0,ismzl@example.com,HIINMONPPSMLIDHLVALHDJATC,USA,Sydney,10238
235,LCIKIARCNDEUJECVTIL,13432018911.0,vqmuk@example.com,BJHNMZMVHXEBUFHLJRGIJYZTZFVGL,USA,Berlin,29920
236,KAWPYZYCMOA,14982832466.0,jueqw@example.com,GZMREQOBVEXPAIDAKEJIGSXL,Canada,London,56659
237,WXPOFZVOTRQNVYZZRQ,11661987157.0,uaphv@example.com,DLWDYCQZRINMEOUE,Canada,Paris,84874
238,NGAYYCKRYN,18069488296.0,wtqhn@example.com,JACSBWEAOATXICPHHWOLQKWDQK,UK,New York,52517
239,BTOGMDHUBMZD,12370332175.0,qifub@example.com,SZTQHHGSBMDRMAYUCCPYAP,UK,Toronto,85885
240,AWCWCLXDAQTIEUCU,11776782161.0,xysmj@example.com,CONKMELQUUFXQYY,UK,London,56350
241,CELCAVCPRCEEILPI,12588910567.0,xjoez@example.com,VJVXHRYJAEZRZAW,USA,New York,87179
242,VYYKVQAYCEV,13680246400.0,tzygm@example.com,RXEVJNLGMDSROOAPDVSCZXE,Australia,New York,38274
243,OQDVXWNBDE,10762376658.0,tukub@example.com,JILNOAPFESOAQUGH,Australia,Toronto,55013
244,GDHKHDKLBONSUQPET,15047548660.0,uoose@example.com,GHSLJXEEXVVLMVZAQ,Australia,Toronto,49913
245,AJGJYPESYFLFJJ,11942736456.0,qhyyp@example.com,BYRTKNWZOWLFENFCW,Australia,Berlin,55819
246,QPDTCEMNIIHJ,17221510080.0,unknown,NTRQIHDJQTEQYNWLGOOL,UK,Paris,92168
247,TRLMPZCIPQPWJVR,16459825615.0,jevpu@example.com,YZHVTFTBYZRWCTC,USA,London,87857
248,BNYEFTAOCUSXRO,15468613018.0,lqlak@example.com,SFKMFRONNAVQVNMJFAEPTPVHQRRI,Australia,Paris,74910
249,ANQTHXHQAGW,16771408406.0,hehkk@example.com,JIOTNNIIAYUJJGERUAQR,France,London,33485
250,NUXFQNGOHXPJISBHKDR,18000692886.0,nnsku@example.com,ZLYVIUIQMQVBGYPOWM,Germany,New York,12860
251,BENMHYKVHOF,12975372038.0,bhkae@example.com,MOTMWJQZVIVWJOADPKWFIPD,France,Sydney,59875
252,KYZGBCRYXU,16000599822.0,wzuos@example.com,KKCALPHAUBLNVXTQGUBVVUMMFYLY,USA,Sydney,24919
253,WNIHXRLLJIBXU,16582668585.0,pdlye@example.com,PCLPIMLZWODQJPLFPLVFO,USA,Toronto,83947
254,JYHEVEIKLEFAPXN,11545854424.0,skgfm@example.com,YEQDZKSNXFZJWJRQBV,Germany,Toronto,19586
255,NXMLWGFWIUPINIDIH,14926761602.0,oczcd@example.com,LEHDCDIHKOXKPFOUNPXNDJOVINS,Canada,New York,61986
256,PJCICSSAVSZOSY,19358858565.0,jsfaa@example.com,MXSWEGTCGNVEPTVAOLXVNPP,Canada,New York,99848
257,XAXPHLXFJNEDYWNQ,12030904704.0,gpxdp@example.com,XDBUGEGBLACACPSHUSE,Canada,London,33055
258,QTIPCJQPAS,17256972097.0,gryoi@example.com,ZZAWMETSGZMNRNMHTZRNBK,UK,New York,44890
259,HDLBGYZFBYGYBZDP,13105057255.0,unknown,JQZXKHVBCYGNLEEGAQSYHLCLHDGNB,Canada,London,73081
260,JWNCNZKKUKDEFVN,14250375350.0,cgclc@example.com,LEUYMYBJLYPQUOZACZL,UK,Paris,38807
261,FNVPDRZGWSNOUFJY,12601235803.0,gwfow@example.com,VJIDBUAJMGROHYRRMPJYLHWAIT,UK,Toronto,95920
262,MSURCVCQWGBE,13508090203.0,zjeiq@example.com,REQLELXEGLXAXKAXOZBT,Canada,Toronto,57177
263,CHDCROYKEYPXSDVKZL,16835167201.0,usxwq@example.com,ATKMDDHDOUKLZBJ,Canada,Sydney,78625
264,JJSEEYDXDZBCDH,11564904791.0,iuqah@example.com,ZIGMLQDGITGXHCOOLUPPGFXRX,Germany,Sydney,24242
265,VHLJEEXOTCZBOMXLNL,17509874301.0,sihfo@example.com,JIMSEHUBJDJNYINJHFEUQWESUQ,Australia,Toronto,66317
266,VYMCOTRFOYLBEZ,14474426541.0,ofuor@example.com,JRTPKOKTHGAOCHLPSV,Germany,Paris,49978
267,MMDPHCTBYU,13268268477.0,vxfwr@example.com,JRBSSXBBHMUIWWGEHHCJHUMS,UK,Paris,26433
268,KKJWKQYGATOG,16049885738.0,rszwx@example.com,TOFNJSKNSEKSABVRNJXFOVV,Germany,Berlin,43282
269,WCTCTJCZZETSU,11163318184.0,tzmko@example.com,BFMHOPJWNCVHWAGDKMJ,UK,London,86519
270,IKATMWDXWUJDHQBUZGY,14645222023.0,fywkd@example.com,MCXRGVHTBICCUYMADJDRMHAZPFWLP,USA,Sydney,53578
271,UKRFVTNMBPXH,15327423328.0,opxnx@example.com,KSZLEJBLNOVCOQCIGTLGVZRBP,UK,London,80207
272,BDMLLAFKPB,13786208326.0,unknown,ZSFTXGMFHEYATBFIXIFIVEPCL,UK,Sydney,34133
273,KIGDJAMDZMVX,0.0,fppzs@example.com,SYISSUQABZVRBFYTSBRPMOBWMF,Germany,Berlin,60317
274,OMDFBBFYCTYYKOUIUU,11679077420.0,ctrvs@example.com,SBEZNWOBFYLHKEETLPUEZ,Australia,Toronto,75950
275,OVJKWZBNPIVYPABG,13664586111.0,biady@example.com,RUBUHNUCOUZQZMOBQAAOV,USA,London,69612
276,FBNPJEVPGOM,11494747593.0,uvdzf@example.com,UOTTGDKLMEKFEMGKOFVFK,France,Sydney,74873
277,RRQCLFLKIS,19328473255.0,wfvsh@example.com,PMCVYRSPCSNVRMLYUCXWEVAMO,France,London,96778
278,BMRWDVXNNESB,15154424900.0,htxmi@example.com,JNPOXZVDAYEQCJNXIPVR,Australia,Toronto,72002
279,KLXMJNDBSSOIZDV,16968869898.0,usgth@example.com,VEWYMZLJKPFUCCUTRKBCMMHEU,France,New York,62508
280,LNZXLYVMREZSCZQTGC,12301788807.0,kcqef@example.com,RKVPQDHIOVZFDOGKUAY,USA,Sydney,48379
281,FNANUVKIJVKXRQNQ,14253021098.0,oisfh@example.com,ZQQYRDNKQJSPVSTNOKYSUH,Canada,New York,25231
282,HHSEGMONYUONMTDV,12020080440.0,lzptz@example.com,EWLZNVPHLPVGXUHRFFNWNGDYSYYSK,USA,Berlin,97385
283,NQAADTHENZTXWNVBUL,0.0,zvcpz@example.com,OPCAGHWWKEWJTPAJTDTOFOOQTQQU,Germany,Paris,51163
284,FIIVDJLYUHY,0.0,yokfb@example.com,KZYPYMQVIARZCUZKXKOCGAPJOE,UK,London,41676
285,VTPLQQUSGTDTVI,19075635993.0,wgpam@example.com,EUZVKEAJBWSKXRCJ,UK,Sydney,97592
286,KEHTLXPJOYLXXNYMPJ,19910367224.0,unknown,AJEWAQNDPGAFNDUOKRBZY,Germany,London,95483
287,TNEZFUIMMBVMZBOXX,19963610536.0,sliyf@example.com,PNMLSLBIWIPXHEWUJWFD,Germany,Berlin,65535
288,LJXUDYHDBRRNJL,10040120711.0,vibaj@example.com,VWZAIZHCAMRLVWKORLXVE,UK,Berlin,56110
289,VQLZTCJKNGZEALPFT,0.0,cxrxl@example.com,VPQSGVGRVUCJRLEWFMC,Australia,London,56978
290,OOFWYAFMKXTZYTTLNIM,14223117231.0,onjft@example.com,ICBYUQQYKHBQZITMVDZD,Canada,Sydney,82369
291,IAHBXUMMAAFPQ,14887888912.0,tlwwi@example.com,HIUCGRMBNNYVYUQBSJXSSMWPY,Canada,Toronto,14752
292,COBYZFYUTNR,13051343599.0,dydbg@example.com,LDYUVWVLMBYBIVUXRP,Canada,Toronto,34507
293,HBXBQDWPBSFBI,15880974045.0,ykpjo@example.com,ANGFTDKFGRGMJWFCXAXPWBQXTNJZ,Germany,Paris,95705
294,FHAPJSRPAOPKFNP,0.0,blvvo@example.com,LKPDKMHXQUKDTYLLSXYXTRJ,UK,London,51495
295,VHWSSVACHMSAM,16263689420.0,kjchu@example.com,SFSTRLKOEJWRUVOVMBBRC,Australia,London,70886
296,PIBWHCWZTBDPHOPRVJS,12313474108.0,ttezk@example.com,IJEYXUMGBZJGEFIH,UK,Sydney,80559
297,VNCNBBCBFDAC,13880651934.0,unknown,ZVAXOQRTZREGWZEN,UK,London,10982
298,KSDVABJCUWQLBMDOZQK,14691216683.0,mobwf@example.com,UMDVQAMHFNIZLAOGQ,Australia,Sydney,89841
299,YVBJGZVKVX,13522868137.0,tboak@example.com,WWXNMUXJUYXMGMGCFVNURPZGER,USA,London,26146
300,SJBNYUVGMBFAYVKGERT,18277275808.0,hxioe@example.com,DKQLXEXQXEWCMSMIWPVTUOHPQRS,Australia,Berlin,64843
301,ZRIBRBBUNGAIVL,17977962597.0,idjde@example.com,EMOXEUOFYIYOLMUFGPSARDIAM,USA,New York,86737
302,AIPYQAEPEG,17377046785.0,sumuk@example.com,TFBRGEVPNNDNAXAHAZZT,France,London,92446
303,ZQFZCGNQNTZLI,19475188084.0,unknown,AIWAZRESAEXLAFQHECOX,USA,New York,98567
304,FBFIKALEMXOMWZBXIZX,18495863574.0,meuia@example.com,HCPGQSWCGSCRUQKLNDLLTJCE,Canada,Toronto,33636
305,YHDOVEJIDAKYKIW,13623640589.0,lwqas@example.com,HKOXJAXKMIDXOYBIVI,Canada,Paris,92850
306,WYSUCHPQDWOMIJ,0.0,elyyl@example.com,KXTKGOCQDTETIUENXWLRQQQZF,Australia,Toronto,37332
307,YFWTEQDHVWA,10130429030.0,kpqck@example.com,YVNJJLEMWUAIDEMTPFY,Canada,London,61434
308,VDRMRWCRJSZBNSEZ,11960535454.0,qaoir@example.com,DJCCLHXWZEBUTNX,Canada,Sydney,93866
309,JENGJKSKCGNFVTMNTOR,11936341243.0,afbec@example.com,FAUXQALLOCNANNFMELUCBAROZPYZ,France,Toronto,71271
310,JKSVOCCAOMOURZR,12181839889.0,zehfk@example.com,PLPKHCUPGBSCKIKAYAL,Canada,Berlin,72726
311,RKRFZQXQITCWXLUCDJ,14639309897.0,kkhfp@example.com,WLNKDJXQAFEURRDRTUTPVOMC,Germany,New York,90901
312,ETCVGBFSJHPBPUN,0.0,ttzzc@example.com,AEDIZAYXJLLOTBOC,Germany,Sydney,20108
313,YMWIIHGPFKSHSOKIP,0.0,hmjyh@example.com,YZBHZAODCMJBSSNISYTQXZEB,Germany,Sydney,78896
314,MJJYTIBAHPVKZIYSRG,10407073231.0,yjmyc@example.com,GVBVLNGNLPNUUDNZAJWCOUM,USA,London,52553
315,JFUDADZCCNEAKF,12389123228.0,dpcui@example.com,BTIKBHILSOUDJMZXHKEUOA,Australia,Berlin,50880
316,MAHJOCFBUYW,14859707082.0,slfdn@example.com,QLDGKLPRNOQBWCEAZJO,Australia,New York,62077
317,CITEFJUIAPFPT,18760611880.0,ahsph@example.com,XDMPJBHZNERYVHLRMEKCPHQY,UK,Berlin,13625
318,CNUHTWNXOUJQH,16450503110.0,ehqfc@example.com,MQCMHHSJXOVGRAMQSWYB,France,Toronto,48237
319,SDJWYDTVYDJXCRNTNTW,0.0,utkmy@example.com,HKYZLCUELXAKCVVTUJMS,Germany,London,11223
320,IZBTCLSPGLJVCHXG,0.0,swtcz@example.com,MTNZJQFENNETYKYEWSOQQCSEXVHWA,Germany,Sydney,69303
321,SEVIPTUILTORICKFIC,0.0,stgki@example.com,JHAESGEBOAJFFNHYREUNJXIUUCFG,Canada,Sydney,75197
322,ICSDMQBPACPFHEHVA,13592736978.0,ollfq@example.com,OBNNLRYFBUWAXKOFQ,Germany,Toronto,84693
323,BFXFTTIABTSP,11286630798.0,xriks@example.com,UWZTRLHTXIKMDHDNXQBLLZ,Canada,Sydney,47760
324,EXTKTNZMCYZBPKCOCS,13084514020.0,jkwfi@example.com,RZXJYIPAPYXHSXBRT,Canada,Paris,89182
325,UVEIGWWMWRXOL,10857483975.0,pcprs@example.com,TRUXNGGYETZLYMQOPMVKC,UK,London,67966
326,QFKCFVXTLCBVCMTIWQN,19442394892.0,pdevw@example.com,WAFHUEGXWCVINBYCSJBM,USA,Toronto,39024
327,HZDAJMBEFAEXO,14804300650.0,jsysc@example.com,SMGCATWMFLJCAXMBUSTCSOSJKOHK,Canada,London,80323
328,RYRDZTTGHXTMDVYUR,13659189210.0,hzswq@example.com,BRIGJWHMBJQPLFO,Canada,New York,33202
329,LIAIGABRHACAUTCHLG,12590180082.0,aumyk@example.com,OPCMRCDEZZTXFGTMNGUKLRYRBCTGU,Australia,London,61524
330,AWCULHIOZKZWF,15212930261.0,unknown,ATBVRTNEXULBJMNXXZAIX,UK,London,53908
331,EPOKTWQSVZQOMW,16362696258.0,ipdpy@example.com,IYXKZGVUVAAIOVP,Canada,New York,46067
332,WPTYUATMDLO,16407318252.0,unknown,YCYNEQUJPRMRQZDDU,France,Toronto,19360
333,LSSZOUEKRJZMY,16139877765.0,yxkjj@example.com,DMRUXFEWAFBEPZDMGYIZAWWEXZTKQ,USA,London,22941
334,TORHWCKELAFZ,17605745111.0,unknown,TBPSTWIDRJOMPJDPXKBLHUMBXBD,France,Berlin,25993
335,LUYODRLGEWWWCEQ,15455368652.0,unknown,VCGFAILGATDFPOCR,Germany,London,24620
336,TBSOCAWZSGZJIPO,15773431401.0,ndloq@example.com,MTNNHKLXAITNTNMLL,USA,Toronto,30193
337,HKAXHLSFPNVGCJA,16497571787.0,pohlr@example.com,GBWZKPMRSKUAMHVTNN,Germany,Sydney,61559
338,FEORDEJDJTVDLIBEPS,16715682573.0,nbwlx@example.com,GFIRFZQDTIYHOHUKS,Australia,New York,31248
339,NOSXXRKMJGVARDPRU,14196758288.0,brdyi@example.com,ZOEZGMPXPXBGDTMYWUEWLMIPFZW,Canada,Sydney,55852
340,OVYJGUAAASGO,18586777256.0,hgmxl@example.com,NDYXIEKPLQHLHMWWEHCKEPJJYPK,UK,Toronto,15027
341,NFGNKCKHZFCLRYKGJP,13361758499.0,lwmsd@example.com,IXVGNNVRQALWHALQGKMUYI,France,Paris,73410
342,POMYDDFRZAJCNKEBIQS,10639324527.0,bxmkx@example.com,WGRRJANWUAWGZSSDGPGKHMIEJKXQO,Germany,Sydney,14260
343,QTJQKGAPCODDWE,11608841594.0,gigcx@example.com,BXHYLGXBHOLCZDLWGPVQYSZOT,Canada,London,47596
344,SHKKINYYNMAIHRCWC,13147162535.0,caatn@example.com,REVVNNNQNDJDCGTGCMDSDOZTLNDCF,France,London,19012
345,DIORQZWKAFN,11941787043.0,unknown,EFLGTKYQLHMRSRJFEMWYGKYMESSDL,France,New York,35823
346,XCSADZPZFEGJAS,0.0,hafth@example.com,CKYIXRLIUXFBADTW,Australia,London,83851
347,OFTWZJOSHMWSP,11615722779.0,suwqn@example.com,DZKAGKPSXMALANMP,Australia,Berlin,57027
348,ZURIXOHQDWVIHIDHVY,15029618815.0,dbptb@example.com,YEDDHYOPGHRPOZWTXZXPPZBYFKE,Germany,Berlin,88167
349,QFZJBLSYEPEAJBPIGMD,11098406253.0,knrjw@example.com,NPPISEUHNILOYUNBZVDYHVBSRFTPA,Canada,Sydney,93794
350,JLBEYOKBOSEPUHGC,12575544037.0,xlkwi@example.com,VBOSXIIEDELASILXMTQCMND,UK,Toronto,35099
351,HENBJRQFQXQXVY,15687362426.0,unknown,AFKYXBWSVRXTVPCABM,Germany,New York,46992
352,PWBELAEHJCFM,12797581536.0,ooqbm@example.com,NHNFLDIGAVDFKHMISRZWWSEJ,France,Paris,20977
353,HREFXBYGPJTJB,0.0,zkaid@example.com,HSHOSDCELPHUWTZRVLEHHAHSRZTJH,France,Sydney,66234
354,BBMYDGZNTEAZAZZSF,17250958746.0,ppczr@example.com,EKWHSWWYSVWIPLDDLNPUZLUOAHX,USA,Toronto,57376
355,LTYRBRJJWW,14286766775.0,gvjjg@example.com,CLFZITYVTFOVDZEQIKGUUFK,Canada,New York,43978
356,BPEFVZVVADQMLMS,13458488795.0,aqzte@example.com,XKSMHSZNEKUBOPACJDWWPIDSSJJN,USA,New York,19218
357,RVADICHIREV,10428365540.0,kbjnf@example.com,PVTENRHJCWYYHON,Australia,Sydney,31788
358,VEWPEELGCZWHUT,12411360807.0,bgjra@example.com,OUZAGNDNIJXJGOZDR,UK,Toronto,30501
359,EFYVVFXFKMN,15061071850.0,lydan@example.com,HPFSJMPBHIGEHCMTS,Germany,Toronto,87989
360,AJBMQSCDFM,17607178446.0,xivjl@example.com,SHSFGQONOHHTXFWCPCMZOJIZOZ,France,London,25210
361,WNIXOFYTKVGRQNZHHGY,0.0,znltb@example.com,YSICMDCETIRJXSOYRGVXCVBKZO,Canada,Paris,84225
362,LCAOIQLQMMOUROREGF,12197622648.0,xcmvf@example.com,GSESJOAQJDUQJLKCSRVRDECA,France,Berlin,55489
363,SIXKCGCFSPHSUS,19600544778.0,qwpwe@example.com,QVTVAUADIFLMTZW,Australia,London,73721
364,JIPVNJDJTUOSKTNOD,13462523979.0,rdwom@example.com,LJPZQMAUWIYZHRACAAXSRLFQL,USA,New York,52653
365,AYSERQWJID,13362206361.0,nvihn@example.com,DGBTTXOGWYSCZILR,USA,Paris,96678
366,SCRCUHXEAZRXZ,14689352191.0,ugcdw@example.com,IZFEIWNBZYVCADMHU,Germany,Paris,50950
367,GIYNPPVFGAKIAXZRJM,14211207804.0,qiwyw@example.com,RTDYGMWYYUARNHVJHCC,Canada,Toronto,18916
368,EHMZPGHRZIVKVVQN,17104058753.0,unknown,KDTPKTBWEEPNGUABNEMM,Australia,Paris,75911
369,BOREVAPLNQANOWLQ,16561693469.0,zicku@example.com,OJBXUYVSMFYAAXLNWKAXE,Canada,Sydney,41449
370,CLZMBVOBEUINMDHWGQ,11049051139.0,jsanh@example.com,CMEMWJXCAMVEKULKOFCPMPE,Germany,Paris,99333
371,FZHVHMVHEITVBCD,11827663307.0,gjxls@example.com,ZPAHYTEGJPETXKVRTMSLROFJQJDHE,Australia,New York,30782
372,GIFCNMMYAOEZ,10320661947.0,ugivs@example.com,RPVDGHOIGITAGBOJI,Australia,Sydney,30243
373,UBEQADOOVPMNBUJECTK,10866172962.0,gpglc@example.com,YLHIGNKLSJUSMCWPVEUH,USA,Sydney,39379
374,GCMFIWTBLOW,15038663900.0,unknown,NTEYPAYVCCKKTEL,USA,London,47780
375,PCNWAPXWFOOCDXQMB,12664818853.0,jwwhn@example.com,FUPFVIJWNOGTEGHVXNYOQTP,USA,Paris,40740
376,TFEFRUAMFT,14538178381.0,kfmow@example.com,UKDYBBOHPHEVKEHPFFGRYCY,France,Toronto,29984
377,YSCOYNDGJNBAZPPMAFD,12943238846.0,unknown,UNQJPTVSLVNKAZJYYKDRKHGQ,UK,London,10050
378,GXNWZYAJFHI,17188153042.0,jldwx@example.com,JLUBMMEVZFPRQTOOODIL,USA,Toronto,16590
379,FHXPQXGHHZJVISJQI,10160200753.0,htcgw@example.com,AJOKAHUIVZCAJFSDSGLYUVESSTUG,UK,Paris,50205
380,ZBCTXISRRKILHRHDFUP,17680945596.0,casnc@example.com,IERIEVPITKNCTXGWKQRSQYINUKOD,UK,London,25162
381,MZPZWXUTRUHAFR,14409490910.0,vbdef@example.com,IBHGRSROKLCDURLPL,Canada,Paris,59746
382,HFFVYNCREVY,17779903036.0,zijer@example.com,LDPPQTINERLVGBZRZCOKJ,Germany,New York,23105
383,RIYVAKHHXMHPZURILV,19609155038.0,unknown,USMPTWVRLOWBMLOCQF,France,London,47499
384,AUTTIVHYMQWG,17327809742.0,gnkha@example.com,ZTYDJVXUSISOIMBHLVIEDMOBA,UK,Toronto,46641
385,PQPRNFTUOEZQAMGSUX,19493076334.0,fnepm@example.com,XJYABLPCXICTPHSKFN,France,New York,21628
386,ZIDGMHWDHZPZMJ,10347039964.0,pnbxz@example.com,ALWUOPDXHWQZVCXZCOOHUOUHSDAYC,Canada,Berlin,52032
387,JMHXTEUUSMBPN,10601787756.0,rbyvc@example.com,QQFKFWACTIOHTPJNWPOIZJ,USA,Toronto,75029
388,CPIGBKXKNP,13419363574.0,irxtm@example.com,LENYUCOFSRGCEYPOTIVCLA,Australia,Paris,48516
389,WVOPBDAGKRVYEETQD,17318165126.0,unknown,ZTFBMTHRVPBXPCPPIVSKBP,UK,Toronto,97157
390,NIWMPTMIULLJBYVEKZ,15564048192.0,hvmfi@example.com,POTXGLOBGTVXYLTSNBNTNR,Germany,Berlin,11476
391,BUJHTJZKIGLGPYSPO,11444527218.0,nbglk@example.com,QPMWVQYFEQOZUBGVD,Australia,Toronto,50800
392,MZGBJOCFYNDO,15602671448.0,unknown,SMUCIVJRWXYPDQPXZAEBHPUFN,Canada,New York,45788
393,FSRTFDLXYXNGBZ,12472589367.0,oueza@example.com,DUYVHTNDNHSELCQSFVWSY,France,Sydney,99973
394,ZUTDTWCBUFN,15053222099.0,zpvko@example.com,ZIRNHKRROFXQXHTPVBAMGWSCLZL,USA,Toronto,36240
395,KSOTTTWTNWDJHERYY,10146424533.0,unknown,QRZCTXUOBGXMMSF,France,London,20922
396,ECJUDSWEAD,10673550935.0,iqrji@example.com,HZVJFXLABKCWADCXWQYTGLVS,Germany,Berlin,74198
397,OCJZEVKQZI,18383667652.0,ttzyu@example.com,FGEZDKVJXWCROZLUYPZEJKAYPLBL,UK,Toronto,68739
398,QGPTMNRKBVFECGCMWB,19659736627.0,tidot@example.com,VKCEOESLHCVZMUKK,Germany,Berlin,83602
399,BRDZQKGBONNFENUDN,19120105452.0,wjjpa@example.com,FKIOPBKZFLZZEYRLHWACD,France,Sydney,22089
400,LYMLQRLWISVUYO,16302468404.0,szdhy@example.com,RHBLSHIUTOSOSITRPMOTSO,France,New York,42600
401,MOLJCZJRJDYCTRQETJ,10685350351.0,qcclh@example.com,DRNJAQASOBDCWHKUFWI,Australia,London,56176
402,VUAPJCDALMH,12352057735.0,ueohm@example.com,OMORQIBRUISJNXZ,Germany,Paris,18167
403,ELSDOYMMCHVF,10503853933.0,vfwja@example.com,ZRXAITPSCAHTQEJ,Germany,Toronto,88352
404,KGODHYBXKH,19685634879.0,iexlz@example.com,XZLPSDJDPCVSVUBHKWGFID,Germany,New York,31164
405,SERFSTYZEMWLIEQ,11721130461.0,mfplv@example.com,UYOSSPLXJFRSHOEMNOBSBEEYVBQG,USA,Berlin,95965
406,CSOQIYDIDXC,14350013045.0,dcbjl@example.com,JVORHDKGPXWCXTOXUISNB,France,Sydney,41415
407,KKTHBPWBUYUTXEIYBZ,19364883951.0,donmq@example.com,RKKRAHAXIVGVQQLACO,Canada,Berlin,83653
408,KHZGFTOOGVHQSXBIBM,0.0,vwejj@example.com,WHLQFXLUKBTPTDXVIZQQBUKFSQWP,USA,Sydney,81895
409,LWDSHZMNGZAKWQQOUJ,16667357730.0,zqsvw@example.com,WYOMQHZIHQTNZTL,USA,Sydney,89900
410,BGCOKAWPKTTSGR,11382404050.0,ylbco@example.com,MGWPZYXCKRJPSHF,USA,New York,85829
411,JHBXGZHSFAWKTDLI,11828346399.0,mdunm@example.com,CBQXCCUOEYUNWWGENSKGHDFEJ,Australia,Toronto,68650
412,HFRSTRAIMLZRUGKR,15870582294.0,gnfem@example.com,QNMFPJVGUAKFDKWB,Canada,Paris,68981
413,JHNNMGOFLKXRDDM,18244717042.0,fqhgn@example.com,IGNERQUNPZUSYKZAEKTMBAZKDVHZ,Germany,Toronto,84868
414,WSDAHLLTKUUQQWLL,14805956994.0,cryuy@example.com,KBVDJYTLROLAFKAF,Australia,London,10615
415,IVMQAUCHHZ,16119754237.0,ooyss@example.com,FTLREEHSBNQRRQHXJDSQXM,France,Toronto,55612
416,FOUEFVZYWFJWSBZGS,0.0,mnysw@example.com,DETUOTIAZJCWMVHNLVKOXQ,UK,Sydney,87937
417,KRUUKMJZQDCGP,11605277660.0,sqlps@example.com,YUZBATMLZHSOJTBBRZAJPNZUUKMSP,Australia,Sydney,51936
418,FRASJCZWKGZFNT,18271007826.0,umjhw@example.com,XZWDHJYVWKMWMUMKP,UK,London,39372
419,ZKBGQXEFVQWOCROWZ,11729946804.0,zqmby@example.com,DBPKQHBHYTQVHANEPQWVLTHHBEMQC,France,Berlin,77875
420,DWUJZKWAJYVOHIAULP,10193929450.0,zlxrs@example.com,LCJPSCJBOWGTHOZZHMTVVUDLYVWLE,Canada,Sydney,91782
421,LLKPHSHEQPDRLUDR,18917801282.0,xptbt@example.com,FKKCJPPVSNHPPGAP,UK,London,71700
422,BBMDEZLKCKIZVHUH,15869515906.0,fnxcu@example.com,BVEBQGLIYKZSOLVZOQ,USA,Sydney,18109
423,FWRFULPXUPWDRMCZLTS,15710889601.0,shhfj@example.com,QVVULVJUFYGNPCIFEDOJAGUQD,Australia,Paris,33758
424,ESSYLYEBZPUDVOJV,18414094672.0,kqksw@example.com,AJTGIBDQFHNLSEKQLEAUYGGY,UK,Sydney,98627
425,GBDOMIEQFNEBNSS,13109767440.0,mxcfb@example.com,KUXWFFWJCERUOLHGCGRPTZBGENO,France,New York,23317
426,MULYACJHMSCXZCRC,18203379949.0,apyiu@example.com,WBTSJRBHFSHSUAMQJRWQWPO,USA,London,92298
427,HUNSKPNHXTN,14037732352.0,arqpf@example.com,YEKKNFONLZWNXKRRNYVGEQHQ,UK,Toronto,79001
428,LQWLULLGJPXCCAEHQP,0.0,unknown,QBETDQAJBRAJXSXUKSVBAMYCGYOTY,France,London,61423
429,RNLJBUZWCAI,17672303410.0,kbyzc@example.com,BFYCBUWVTIQNNJQGEO,Canada,Berlin,35622
430,DUPDXQODDLCTWESFZI,14778760907.0,zhiju@example.com,PNECQYEZFPOHJNVJSN,France,Sydney,16800
431,BYUJEGOBJKUX,14533987367.0,vmlju@example.com,RWVRDCQCGFCMRVMLGRWSNV,Canada,London,45539
432,ZWULDMRRCCGVQFPEV,16490575751.0,unknown,LQIDECGPZTDICUSMRVX,USA,Paris,12600
433,QKVLLDINLJHWCMPYM,15812860339.0,wvodz@example.com,BENMJLFOACGYXDFZOKY,France,London,81054
434,VRHAQXIJILXJ,0.0,ykgot@example.com,WNZRVPXQQQTBWDWZKRMSLQIKFMK,Germany,Paris,95163
435,DXNGYJXJOOBXPXJZY,15662763396.0,snjxf@example.com,ZZWKDTJJHAWDDHVUYPNBWBECIVFNS,Australia,Sydney,39369
436,XXJTOUBNOVJI,11453002814.0,unknown,GUZNGJBFEFOLXLCZXIUPUGM,Germany,Toronto,26689
437,FHBZAMFCBJHI,16106460556.0,unknown,SOSIZQIXAXTVHQDBAT,Germany,Sydney,91459
438,YMGSAMQLUYZNPLVP,17894349486.0,vwjyu@example.com,SNYAVNDTCRTWGAPZMCLDSNVGDL,Germany,Berlin,48469
439,VTYZSGZLNXR,11101148649.0,qzrxa@example.com,NOFQQLDGDGFDJXAWAVGVD,Australia,New York,10958
440,GEAGPZXPQDPDEETKNQI,0.0,bejlm@example.com,XPRNMOAXWJREUGBIYERLWD,Germany,Toronto,70012
441,QSAMWZJJGFYGEG,10481231954.0,pcdpj@example.com,SWWAWMZEWHJOOWMZBDVMIELBT,Canada,Toronto,79074
442,TZMIFTUXGFPBOCMQSKB,0.0,nuses@example.com,TPXTHSTJYECSTBGWIHSEHO,France,New York,70021
443,LMFDLZOSHEDMFTPJZEO,11452775822.0,kqgdo@example.com,BLQPEAMGHVSNJQRBJRJUBI,USA,London,98940
444,IRAWIIODDAAAV,17939077416.0,xdpws@example.com,PFGCZGTHYECNFCVGFTWRUVVUJEHUO,Germany,Sydney,60782
445,KPEJPKZRVNMACOL,13795691432.0,bkswn@example.com,VJAAQDPSEWVCNRRCJSCNHSFIP,Germany,London,85519
446,PNJEGUPZOFGRSS,16052682028.0,lsjhx@example.com,XFPJUUHWOKUKNZFLOEKYVCCJJTEI,USA,London,69315
447,NIPJYILIPP,19326638816.0,qwhix@example.com,KBBNQHQMFBYTZURUGEAYRDPF,USA,Sydney,34642
448,UYWBGTGGSCZJFBXXT,17790176601.0,nopzv@example.com,YPYHYMTYDEVWKCR,Germany,Berlin,89003
449,IONIBJDAVKP,11222338228.0,hcbah@example.com,UZCKOCGFCWZZFANUTCSHSREZSJ,Canada,Toronto,10205
450,WYIRKXCUDV,13594927475.0,wfkcn@example.com,HIBMNQXZJFMYMQEOE,USA,Paris,22442
451,IZEBLDMBOARWBDUS,18169396890.0,unknown,BIKGYSARVFPBIJQDT,France,New York,15691
452,JMSHJHSIIWMAL,14539507593.0,unknown,QUFIKHOTVWFUQGKGEPLYLCQUDFRP,France,Toronto,48909
453,SHVYKKZPKYAFMKCUANK,14713615813.0,jhbbv@example.com,UXXBNPCYWIDKGGMGJOKMUFDKYTIYE,Canada,London,29504
454,VJUBXEORPTZXXCZX,19949744989.0,sjopj@example.com,ILSLCDXSRLNFOSIZYPZFEKB,Australia,New York,74270
455,IRVSEDHGWKLLPPOAOVR,0.0,jztsd@example.com,SUJTSCYBSUKDLIUPZUGDEQ,UK,Paris,68051
456,FIZQXLBPWOLOMLSPG,11315722342.0,bikcg@example.com,KDRWXIHXXGRBKIMQQWJFF,Canada,Toronto,48798
457,JIFWIZAPNH,15479358594.0,yyfal@example.com,OKTNEEVATSOKWQBXBITSDY,Germany,Toronto,59330
458,RQZAKTEWMHRMIKWF,17356957142.0,zriez@example.com,KTGXHMLVQJPNCVAUBAJCR,UK,Berlin,97087
459,RAUIWGOOIUEGLFJOV,13971860271.0,mroof@example.com,FGWUSFCUSFTYBGEYJUML,Germany,Toronto,88919
460,DORCZOTEBOHEWIGDS,19602911913.0,gmlzj@example.com,LRCVDKSUYCGIDWWKSAD,France,Toronto,92032
461,NIEFJMJVMCLDKIFLN,15096609871.0,zvakp@example.com,JGZVUPJJADCCMLQSJKZHTGB,USA,Paris,51716
462,IHIMKITHJIUDJQ,16134926656.0,arkin@example.com,GVXHHOZPDIXDRALRUKUMZRDXAM,Germany,Paris,84624
463,JRPWDIIBSHZS,12668123701.0,kakiv@example.com,BOBULRHCCXADWEMMCHUFACJTZZPDU,France,New York,56982
464,KCRQSIPHIZEEN,11116565905.0,bjcym@example.com,YDWHWROMAEXLAMRMMYFQXSTJEIE,Canada,London,37444
465,NEDYQFGNOFJHHEPTK,13858749674.0,zkrne@example.com,NWEPUBNRFJFJFCYLWTYT,Germany,Paris,34734
466,YBGFSRARLUQHTCJP,17984780661.0,unknown,ATNCPNCFIAILBKNCM,France,New York,51745
467,AHYSCPPPYWL,11762932394.0,vdxie@example.com,IHIHVZYPCDAGRQHJPKKMIDYCXJELB,USA,Toronto,44571
468,RWXKTZKTLRBDDUZNZM,19054482287.0,sqbmq@example.com,UFOUWDKZJGIROKYJBWETWASBRN,Germany,New York,25389
469,IOYWVJEDRDPKGACPDWC,18997614964.0,zynkg@example.com,ZRMSOWRDBXLFXOVQYYU,Australia,New York,94218
470,AAJLCWMFUXXTJ,10955520654.0,unknown,GCBHCRWPYFRBAIDLDMZTMQLJ,France,New York,55038
471,AZONLJIUONXJZAT,12598777060.0,asnqs@example.com,KHMYYYFLPGAEPPOPFHQHGBMWDZZK,Germany,Sydney,82795
472,BBBHVYRMQHJ,16129190475.0,suszs@example.com,YDJPBIAFWHDAQOASYNVW,USA,New York,55168
473,SXEXRJPYRIJV,13909112133.0,aykaw@example.com,GBKPOFIDMXHCWXVDHTFBBDVSMCFJ,Germany,Paris,88082
474,OWGTGCCGAXRAFT,14825936360.0,unknown,OXFHDESPWKGVDGLCMFLDUVWGGU,Germany,Sydney,77690
475,LCBOTDTSWUKTEWTL,18047755137.0,pvhjd@example.com,NJGEESYLIATKKSODRVVGPFMXTN,Australia,London,84302
476,UVFLGJPCPLHEQTTNXZI,11526877815.0,mdsxf@example.com,JPGNAAKNEEUCNPVR,France,New York,21230
477,LKZAKHYTUDDK,18181805516.0,pxxgm@example.com,XXEVBUXJNNWOYLIXBOTPTHRJ,UK,Berlin,93301
478,ZDYWFIKLRTIX,19338188596.0,curqc@example.com,LRTCJHAWGIMZXVPVFUNABLF,Germany,Toronto,15902
479,IMZBQRZFBA,13088036244.0,tdkrs@example.com,EJQQFATRIQSWQMAM,UK,Toronto,76758
480,NRDNOXZVHUBQXQ,17801405523.0,unknown,LFDJCZPAHHWTBGHUYZHT,Canada,Sydney,37050
481,YTFFSAFZEDYMTQZMVPM,12489215908.0,atyqc@example.com,YAMIQUUHKEMLHAZCPWFKEGOM,Germany,Toronto,84586
482,AYJRWXXQZQJTBJTF,19227525525.0,wxgwf@example.com,GZSFRARTKJFEXBPCBJB,UK,Toronto,79110
483,JSQLULWFLTFC,19782199678.0,oggli@example.com,LBORCAEKTKAVGMDSYK,Canada,Sydney,86693
484,WIADLZERPJLK,10003265224.0,ikjjo@example.com,CUEGAKCSOZJXCGMYXFEWILVRHTFRF,Australia,Toronto,29575
485,EXCSFXQWMGSS,13800473862.0,pzhmi@example.com,QKUDOTQYLKHQELPY,France,New York,68940
486,ZLKQQROFHKZMQQRPWP,0.0,nvtyr@example.com,JJCKLTBIADJMSZY,Germany,London,50244
487,QHTGHABMBEEFR,12206384480.0,xbwij@example.com,CWKBHBZYIYMVWNTPKPKRSSMACOT,France,Sydney,93481
488,QIUZHHBIFSAYSAUXM,15709875823.0,tkxwj@example.com,SPJDKDCELSHCJSXAOO,Canada,Berlin,24962
489,UMRBCFMTICVODQQM,12400102196.0,saxni@example.com,DCQQWKDERCATHLLSNQTYJHOZS,France,Sydney,87332
490,CRAHIQHKAZBOQORLN,17137907712.0,eltrq@example.com,OEOWASMQSMFYVHDUMX,France,Paris,34450
491,UZPSAZBLDGQ,18946491105.0,thyad@example.com,QXNBVPTLZJDEQTHYRVUHHOHJQNP,USA,Berlin,63494
492,BMHRDFIJDDGNLO,16429987126.0,lperr@example.com,TBTFTESKPRGVSNJYFUHRVFWC,Canada,Paris,55037
493,UUMAVMPMIW,18196755727.0,smaha@example.com,CNMXUVYIPKPUJWVZMTQT,France,Sydney,93040
494,PTLHAMVSMCA,19015191223.0,tgsyc@example.com,PHRIZNFEMMYBQYZT,UK,Paris,40041
495,UAEEKYZSLYHJRIKEX,18811544680.0,unknown,FATOKOTJKGSHBDXT,Canada,Berlin,20715
496,DQNIVBDKJEPFEMIJB,14448577559.0,yuftn@example.com,EJHHUPVIBMCYCESZDCJTQXJKPGVW,USA,New York,31803
497,ZOSMCMVXEKVQ,17088730102.0,zgzku@example.com,AMGIDBQHIKLSXNOOHAXBBT,Germany,Sydney,78906
498,STWLEQSKBFUCORQOBEE,18547929240.0,emmab@example.com,WRUDVCYQXFDIAYBMVHPROEJJ,Australia,Sydney,71726
499,FSJSSPLXICQXJRGGIP,16216008624.0,unknown,NTUMPZTSDEADKYXESBHMXUGQVZK,France,Toronto,11908
500,KIALCTSHGEETELUTE,11489407515.0,ptctn@example.com,KGEFWMVELMRLCPDUQJMWXWE,UK,Sydney,47075
501,YGAYSBLJYPKRZLIU,18246910438.0,elmpp@example.com,IBPZQBDNBPFXIXN,USA,Sydney,74587
502,GGMTMTEYNPMZLAH,19364457385.0,svdmr@example.com,KHYXBWSAOZIXNVPBKAZVUBQMCUI,Canada,New York,63648
503,WVOCHWXRXGVYLOHPE,17388006260.0,mlsqj@example.com,NIUDCSKDENZOPWLYTUUNDC,Australia,Toronto,31134
504,IMOHLTIOOMOVEJ,10631443813.0,gungu@example.com,ERYQLDKNGHJKFWIFGRGGN,Australia,London,66143
505,YLQIZEIEWNGILEGE,11935499510.0,ancik@example.com,ORUDWDYIEXSDBKPCTIDAOBGROPCZC,France,Paris,79123
506,QKEDAZANUIAHM,14229425659.0,wowes@example.com,GQHSEGSXHYVBHNJRYRPOGL,USA,Berlin,55153
507,OKZDHMQDJBZOTRNCAZ,17352965520.0,zdtmf@example.com,AXKWCALLZTPEMCEAO,USA,London,12413
508,WMHVQWPPLSPO,11992078662.0,vgphy@example.com,BUZNRXCAVOKPNXGFUXZON,UK,Toronto,32555
509,PBYJLRRDBGSKMTQJPT,18846059095.0,xiisw@example.com,GRIXLTGQURRRBEDQKF,Germany,New York,20952
510,TPYSMWTKLQOZC,15669269110.0,unknown,HBXVEJFMFDABPHYTN,Germany,Berlin,78993
511,JLVXIXEVZBMKIVHWOP,11182019791.0,iokhc@example.com,HJFQVGNQKYVHHIAMVIHDUYEIQZIZI,Germany,Paris,84000
512,BORMESAZCWJOYPDXVTC,13886094416.0,unknown,WVTWBCKTCIMTNJQLLXTI,Australia,Sydney,76686
513,CHFOFWGHPUMEVT,10090963383.0,tkfhx@example.com,IYKIMMMMGLIWXBLDTDCQFEKCLW,Australia,Sydney,42264
514,NRRROEBWKTJ,17020023527.0,nmcfq@example.com,OTYTYCNWWAABTMRJJMUB,Canada,London,57553
515,BLQYVEURPHDDXD,17225004960.0,akayn@example.com,FCRNIAFWOYGTLBVLNZGFDM,Australia,Paris,64359
516,TJAVROYJPD,11802719612.0,zijlu@example.com,WZVFBKPRFAHYHZVMPJQMHRTQA,Australia,Toronto,19808
517,RUKHAVBUQTSJUHYUI,19836566109.0,wdrkv@example.com,LVKYSLBNRXYOXLCOMJJ,USA,Paris,62330
518,TEIKYRUXAPTXJRAFVAC,15611846031.0,unknown,JFFIHAWVUSAHOLCNWVBBSS,Canada,New York,48345
519,MLXNYXQPMDOIQKTZGGW,14096124893.0,bilsv@example.com,HQCPQDQQDFVLTGHR,USA,London,79617
520,DHSNYVWYDUQZXRUOEOZ,17793317047.0,zixyw@example.com,EFQMODWFBGYISVQDUYCYEPS,UK,London,49222
521,DLRSZRADYOFXB,0.0,yjiew@example.com,IKOMFFRHEJVIXYGA,UK,New York,67755
522,BKHQULDAJGP,11338955557.0,uapwi@example.com,QDBYTUROIPHWLGHJOZGJWVYTUV,Canada,Paris,18933
523,FAKMMICBWA,13027041932.0,unknown,UUZJVJYFOXTPWEDRIEKMF,Canada,New York,78207
524,YTJBDYPHLEXWTCAN,10482000347.0,nzhmu@example.com,DUOTRQIODXKXLLD,Australia,Berlin,53739
525,XYPIEDFLNWNF,19693111053.0,unknown,LTFMENOQOYKVNZMITTDPRC,UK,New York,57738
526,BCIGZLRMAAAVUG,12068302800.0,jgsqx@example.com,UOTQHTTWFNBDLBPLCKZVMIADNPH,France,Paris,94544
527,IAOYLDJWRSTEBG,14470710791.0,zdtyn@example.com,TVAJDGVYKCEWLKALIPKYCHRDWID,Germany,New York,31883
528,POIGJZBCSXXCHET,14952887649.0,wlkwx@example.com,WCKZYJYRPWNHKAU,Australia,Toronto,53401
529,DAGZZTBASQKEF,0.0,aiajk@example.com,KXMMZBANJDOPAOMEHKOHYUXJUWM,Germany,Sydney,25380
530,FWQTJJIZRMHKGGC,18457208181.0,eicbr@example.com,XLMXMRAOHILWXIZJMJTSDZSRA,UK,New York,28212
531,RLMCCZBGBFM,0.0,nwexn@example.com,KUHWKFFKEKDHXKJKSX,Germany,Sydney,38174
532,GKGHDJUZTOWOSJ,11817996532.0,ebgwr@example.com,AHWGPEEPOWYMJQHNKNJ,France,New York,16861
533,PTEQCHKEQDX,19411726572.0,pvetl@example.com,NIWRLPENDGCXUVDWYDFFQYBZAEBZO,France,Paris,16094
534,BPIZQJXXMVQLIOJSQ,10557928502.0,mzhnx@example.com,QOWTXPHGACVFFBHSUYW,USA,Berlin,61319
535,NMZUBPQFAFAWWJTW,13256153014.0,edion@example.com,TAPZCKPEPNNJQWQHOWBKGKV,Canada,Berlin,56728
536,HPLSNHSOEQWNOZHDG,18479140127.0,eodrv@example.com,WQWYXGBGRTACUFSCPMNJMFMYRRWD,Germany,Sydney,34363
537,VEJTEWXDUKFOKYZV,19233838732.0,evqvu@example.com,QFPYLJVMPVTAGDLITKYAJOTBVY,France,Paris,97846
538,XSEDAPLTRTBMLDDM,11770676234.0,nwqsm@example.com,LORAOMIPQRULWYAM,Canada,Paris,49300
539,UYQGZMONPQZP,10925243133.0,mmbov@example.com,LQIZNPRSJDCBERNBXBXNXA,Canada,Paris,64808
540,NBZVISEXJF,0.0,aopkc@example.com,UKOYHJYCRAXXHCAYGVWVKDRKAKIB,USA,Toronto,15943
541,BSFUXJRNBDOY,14314710508.0,tvunu@example.com,XWYITNOIOJBOALVTDMJN,Canada,London,90105
542,WWFFITRWVDADVC,17369359681.0,eqxzb@example.com,JKOAVCGNQHITUXEZTEBZRADJXZZ,Canada,New York,52616
543,PBFAVQQVAP,19783794810.0,vgjjt@example.com,JORNGLHJACFWNPUWMFGTBXQD,Australia,Paris,84329
544,BYUEZHAINQEHQULSHS,19535680214.0,hapip@example.com,QHVBDWIGRNAJGYRSMO,UK,Paris,35287
545,KKOBZCAADUSRASAZJ,19747290327.0,tzoil@example.com,YGBTTTZGFRNKKJBCJA,USA,Paris,43971
546,MSTHZEKUHZZNLKM,17727578003.0,bjxuw@example.com,IGWYGATYVNHCFOTOHSEMBLPGIULY,USA,Berlin,66152
547,THJUFAIDAWJTUGWYYGZ,10886133944.0,pemvg@example.com,MBHSJESUUAHNWHCWNGBSFDTAXRFJZ,Germany,Paris,52351
548,EBIFVIOMOAORKCADBP,0.0,ivqqq@example.com,QAOZBVDHGDMTPUOGOJIUSYLMNABTM,Canada,New York,70040
549,PLHDPIVOLQVW,0.0,zeffi@example.com,CZCISUSAUOEKCYZLDCMU,Germany,Paris,98559
550,HZCGGOTQJPPZV,13622971046.0,jqcti@example.com,WBOECIXIVTIDDBOOQJDMFTPTBPCS,Australia,New York,70616
551,LGCUXWBDWYWHJLLIKMA,13704125173.0,axsnh@example.com,GDOCUDAFUWXCTUHZOGGNEODQFYM,France,Toronto,33897
552,VXKOGPFTXJDF,19646691577.0,rfbgf@example.com,QJUTNTAAQHQUJFGU,Canada,London,33010
553,LWPLOVWUURPF,18492458839.0,kwyjy@example.com,QGFYKFRIDICCNUXYDMPHNZE,France,Berlin,50154
554,WCRKWYQFXR,14780238097.0,vkhzm@example.com,CXOENHKZAYUSBCQVGKZWPRS,UK,New York,30114
555,PTJPCJXRPQQJEY,11096313913.0,fjroe@example.com,ZWJLXYNVWHGMMGMIZF,Australia,Sydney,29050
556,OPWRSJKIEFCMF,11626136527.0,kudym@example.com,SUYQBSKDVWWBCQM,Canada,Toronto,31125
557,PXNPZQZXHWDQJBLZSUS,18382179572.0,obgfs@example.com,FTKJPKDYXSCXOON,Germany,London,60396
558,FSRNCRSYOPQCWRMLS,17991611481.0,owxnp@example.com,RJEFULAULYKJBOSVSLVWSDLVAAE,Germany,London,54846
559,BAJRLMDUADUTRQT,18793458955.0,txvux@example.com,MQQAZQYBVKRNMEUKMPIDVD,Canada,London,30396
560,NJYTCOGOSZL,15900891485.0,vjxfo@example.com,KFSTIAWSILGKBKEPOQQWPLWKHHLWS,Germany,New York,98116
561,UDAEIHNNDYGBKGTUQ,18190114014.0,unknown,RAOPXVUQUZHXJFBBR,Canada,Toronto,48973
562,BILXSWWVSYYVC,14635582881.0,vovpy@example.com,LXHAMYJDIGSZJCRWHAWRGV,USA,Paris,33574
563,EISIUVRPBLRWK,11672666179.0,eiamc@example.com,IWIEMVMVCSLQDSGFNYMZSFYJCICQS,Germany,Sydney,23869
564,WCTVCOLAVZKZBWU,17466934559.0,ewnet@example.com,EHOQDJPHKVTSAJLXBGSUFLCPPVKG,Canada,Toronto,76194
565,YRROZZDBOM,18240094069.0,nuake@example.com,JMPGROROKKSGQHTFNEAUUWYIAETW,Canada,Toronto,72167
566,OFUJZCMRFNRKTOUMPXL,17912970849.0,ycjvi@example.com,BPNDZOTZSKEHPBONBYE,Germany,Toronto,66147
567,WNVCJZJARQ,10978885663.0,ofzvf@example.com,BBCIVQPZSEDEAQRYSHPMZSCOLO,USA,New York,22122
568,AZEZFAQLDDXJ,12822399921.0,wvhbx@example.com,INBXPKYWXQLBHPCWGXXHUQY,Germany,Sydney,53827
569,WYHLLCPDXEOUXHVY,14005370945.0,dbies@example.com,KLYVYGTJJDQIVOWBKCTSJIHPM,Canada,New York,23335
570,JAJRQDYVMVFAA,14952869049.0,siepz@example.com,OYKXDCDBHFJQGTMK,USA,Sydney,73576
571,ERLAIQMNKKDI,0.0,unknown,EXJBWIXZZRDQTEFBUE,France,Sydney,31677
572,RZSDLRRFKZEPKEIWKOY,12176013214.0,hqsfn@example.com,XZWLKRHNXNUWDENNCD,UK,New York,38223
573,RUZNGXWPIC,15565574469.0,hknjq@example.com,GZZJLQWUNHKHVSRYHP,Germany,Sydney,39814
574,PVZGGTAHZALQYZ,16204930456.0,lzdsq@example.com,UPJSGKBUDUZUKQLJLHORMNIT,Australia,Toronto,93611
575,SIJKJQGETLEAJGLBIEE,19830360859.0,exngc@example.com,HJSUAVHDQKKZZONHFZHRFRFFJMG,Canada,New York,53185
576,ZRHYCNKHVLKI,17562746652.0,eehvc@example.com,AQQEASAWXTIHGKYZCRJUPZYRBUII,USA,Sydney,86794
577,DSGQPSWLGYNZYKKGKCO,10581190010.0,wabgo@example.com,DYLQIKWYKZUVQRQAGNSOPOON,USA,London,85675
578,UIQQYLGKNTAF,15479638383.0,unknown,QGEMPAXOFEPFXLY,France,New York,52325
579,VUQYIALTQZDWHSSZEK,11155662968.0,zgjty@example.com,KYKSAJFWPFEMJKELNJCTNZSYS,Germany,Berlin,50503
580,MSFZWMFPVRKTQJP,18637172425.0,unknown,PUVXJFFVAJVQBXXBOSVTYGZIGPVDH,Australia,New York,29514
581,JCSDLYVJKHLNUV,15704489359.0,hmehh@example.com,VJUMVLVRCZIHHAYTNOBWVNMPIK,USA,New York,66196
582,KGOKYYGSPUZY,16252508553.0,inkyw@example.com,FHFHNRYVGRPJHKIC,France,New York,30917
583,SMUQNWBZZVJFPGSXUJ,14356021474.0,jgmvi@example.com,DOMKFNOMCZWPHEESTCLXSBFXLOJXF,Canada,Sydney,64699
584,OLYIRQSJHTEMU,18052132887.0,hqxnr@example.com,NFVEDRNUBYTAJAJEXKGLGUIEAU,France,New York,60119
585,AHJERWBVIPT,16922637006.0,ivuwo@example.com,NSCEAXYJTQBWQSGTMNLMOZDAXDYL,Germany,Berlin,93324
586,QPAYESRZWTCRKK,18141880606.0,ptijn@example.com,FVYCFPLMIXWDEWVKEYL,France,Paris,35061
587,JDIJMWAPSLEWEYGLNAF,17029496427.0,lhqqs@example.com,VZNWBEVOCTNRGBNKLBN,USA,New York,19947
588,FSLRCKZDMAT,0.0,xxrmq@example.com,EFBNOIRQTBWDPBZUMYN,USA,London,91080
589,UNUIIYGOJIXXOUI,10916726693.0,unknown,AXXNJJUHARPTCNCIIX,UK,Berlin,95550
590,GXYWYHBCVVWBALERY,10309348688.0,jeanj@example.com,GNNXKDGHTPUHNNMBDDJDQFKCB,France,Paris,90331
591,BPWFXYCHDRTD,17143054996.0,eviqs@example.com,ZXWWGBUARZQLFYXFWSJBHEWDDOM,Canada,Sydney,42632
592,ZXGTRARBSJUAUGNAD,10423353627.0,eagaj@example.com,OTUGNLFWGYBMSSOVQNY,Australia,New York,29352
593,HRQNRJTURTW,11105550301.0,unknown,VWASNIURCVSMAEJKGKP,Australia,Paris,33653
594,HJYAQSXQJRAQMY,17700265277.0,jiikm@example.com,QRRJDTQBRKAUPUEFMKU,Germany,London,77115
595,ATGUZMUGFVMHPZIMBLL,15074881536.0,izulg@example.com,ZGIIZQFGYJEBZHAWMLDJFOXOSBHF,UK,Berlin,53755
596,OTJYNZQJXKQKODYDUON,15648068707.0,vvclz@example.com,VHUUGVSNTRHFNWEGTZDKBNHGT,France,Berlin,81988
597,PXACDSIVSHYZDMUSNE,12958647755.0,mvjfu@example.com,QMEVCKZNLINJZYVEO,Canada,Sydney,47921
598,RUOWQCAXRVP,18327831581.0,tzewm@example.com,PFUSJCPQYDIDUEDD,UK,Sydney,69003
599,IVJVQGNNLFNHQHH,18437169609.0,tytiz@example.com,PLWFSFNICWKUGKRSRZWYO,USA,Sydney,90876
600,KGWGLPMOSC,17081964448.0,iggza@example.com,PGJWSKEFUHILFKBBT,Germany,Paris,56668
601,HHLCTBCPUSTGSAMNA,19186221942.0,rlnoc@example.com,CGLDSRDOEDZIPQINOXMYCYIB,France,New York,65175
602,QFTUFBQZPLLRP,11380861142.0,unknown,XWRZYRQIDKFUODDSD,Australia,Toronto,57738
603,MZYPXJKAUGXWQLT,10744573260.0,qvlwr@example.com,WYOZDVVONOUKUILRVY,Canada,Berlin,63452
604,OIVFEEIBJEQUD,11249329396.0,bxgdw@example.com,CTFWCXYBKWLPWMPSBIWDKJUGYEPG,USA,Toronto,78323
605,MTSFSVPFKJRIJ,16446303899.0,dukxd@example.com,UKHBHPEHBXUTMYL,UK,Berlin,56149
606,NPGYHYHMSJAVPCCFZ,0.0,wobbi@example.com,CXBNNCHYKOQXOJGPP,Germany,Sydney,25839
607,EPQJGYJBOYUQDHSUBU,0.0,zmoxs@example.com,AOGHMADCUYLQSRAF,UK,New York,12155
608,LCWMFBGZTNFWIGSYPM,13200495435.0,gqpdd@example.com,YOXRKYVYWXJGNXYPFMZW,Australia,New York,17019
609,DLZUJPALTSVYSUR,18389639326.0,htkiz@example.com,WAKZDJCOTEPJPOTD,UK,Berlin,64512
610,XZDKXPZTBIRQQNMSZW,13936617609.0,unknown,MRQXPKGBSOAVTXSQZAFGNX,Canada,Paris,71690
611,LMCPUJVJRCMPDXK,18704579640.0,uxtjv@example.com,OPEEVYSKAOSHJOS,USA,Sydney,96150
612,YALCSISSRT,0.0,uzshf@example.com,IHEMKKXNARMSDAXPDGJBF,France,New York,36190
613,VAULKJKHQFGEDGPYD,18171266401.0,tapza@example.com,GGSGPYWRGZYPWQWALBISXAY,Canada,New York,20928
614,NZDUIKAIYHOZ,16752282529.0,chhbl@example.com,NMJVAWUUIOPVYLRDOPMVSZLJCM,Australia,London,58425
615,HTGNRCOXTZFONKHHE,12876240182.0,pkqne@example.com,JZOQEVDMNPYVCGUPYEKGVLJNSJ,Germany,New York,84134
616,AECMTQASDMSRKWZI,14370557030.0,ahibm@example.com,DFFSRCHQCFMWZTPXMKHDT,Australia,London,96117
617,PYXUVQMFYGIU,18560936340.0,kpdvg@example.com,MNUSVYBSPJKQVSQNWOFJZWGRD,Australia,New York,58974
618,EVODJIGOSJGCCT,12787390351.0,unknown,YPKKHHMYGKFIEUSYRJS,UK,New York,57796
619,XMLQZQKQTQS,16273809048.0,briik@example.com,QBEFFCDOIAPYHDDUKZ,Germany,Paris,58743
620,SBJFPHDTKRUOZPHQ,15186468778.0,ddweq@example.com,WRWLEGOQPIMDZKNO,Canada,Paris,89455
621,QOTGKSXFRIY,0.0,edcay@example.com,FDZXYUJXTJTYGEGOQRTZBM,Australia,Sydney,80035
622,ZHZQNVIFPCBHDLAX,10357895150.0,tchwf@example.com,RHKWUZLQXDTDQJZPOBNW,Canada,New York,47677
623,RQXPCILGFK,10056022638.0,vbyat@example.com,UYHHNETJRABGFGO,France,Sydney,66321
624,ZQXJCSCYUBTWZAR,18932589766.0,dilsy@example.com,NCUCIHGVNDTROFFZBWZOTFKP,UK,Sydney,68973
625,XSEXJIRZXSYEUKTXA,14814447030.0,nrqwr@example.com,LFGLSEUDZZNJGECTBCEOAPTUOU,Canada,Sydney,62414
626,WXTLYLCXZOKJUUW,14611611540.0,unknown,CIDMJNOMUBRKIIOMRAQLYU,Germany,Sydney,35602
627,WPYLPERJFYNNIP,16112807184.0,orqnj@example.com,ADSUZXGKUZPNSELMK,Australia,Berlin,39692
628,KBVTTSLQIVZKLC,18984187204.0,tvbpf@example.com,CRAEABAZXHMAGCS,France,Berlin,58750
629,FDMQJTRNPS,11846007776.0,eazgg@example.com,BZFUVZCWJDBGTAIA,Germany,New York,31760
630,OZWWUZMBIMYYVLAMVHD,14079626499.0,metrw@example.com,AWGIUPRXSNNEFSFEKGJRHVAOKRCSM,UK,Berlin,78456
631,KXFMTWEMQSSADBL,19309119185.0,hopip@example.com,SKEYVMYCYTWQZCDXAGTNKSMH,France,New York,34085
632,ALMFGTEIMNHPNRJSPIU,14938896452.0,fkmbq@example.com,VRNQLWHCFLQDBASRUYX,France,Paris,73964
633,IXZNGWXKTG,11993239005.0,bmsae@example.com,BGKLSFIPSZZOBNREFTFTLEGVBI,France,Toronto,32925
634,JSBBWYPLHZJWOPYDZ,19312751610.0,wypfn@example.com,EIUSGLHLEPICHKRJAOWJLUWS,Australia,London,15615
635,EQJDAAGCPYPOWKVR,14984013412.0,hrekm@example.com,ACADZUJOINQXTTALX,USA,Berlin,47083
636,XTHYXFRHTQECSG,15590975218.0,iomww@example.com,SEWPININNGILINSUBJO,France,Berlin,78319
637,CJFPNHFKDH,0.0,ccory@example.com,EWEXZBVJVDAVYLAVTIIPWASAEWUSU,Germany,Paris,19605
638,EJVLQTKTLULQTWVZEQX,15842023964.0,tiptx@example.com,SNZVRDWYDPZMCWRDESNURXP,Germany,Berlin,54608
639,MNHNFGZJQFCSSV,12895469076.0,qmlaf@example.com,HSRYENXJEMVLRKABBMI,UK,New York,29192
640,CCEFFWWMSEAQBLRGE,14580282591.0,fpwng@example.com,PUPIXZGUHJUMKUNERPYZF,Canada,New York,13331
641,PWLSSTUOXIUH,18471742557.0,zcyyc@example.com,MBQTTUDARLFKZIHWWQEDEOFVZE,Canada,Toronto,61330
642,GSLZCDBGVCAL,16807089222.0,ogdfm@example.com,SCHNOHHMWEMLVVKOOYUKWIYQWYT,USA,Toronto,59949
643,STZQXRCMEYVSSHTPEDY,10632404178.0,vuvgm@example.com,ANGXYSSAUHWWTQGCP,Australia,Toronto,78382
644,NMWTYHXZREFFYTWYU,18271006057.0,rkgwl@example.com,ICLRLZHBVFOBUKAMKOL,Australia,New York,47586
645,QWPETCAECXPPDCL,19313814108.0,gjnes@example.com,RLYQTVSFDPNBJKUJPLHBK,France,Sydney,62243
646,LJBJBQXEBX,14557306567.0,eaunc@example.com,XFECXLZLBJIHVOIFXLLU,USA,Sydney,68618
647,OEZNURXMMCDEJYBXUII,14514248220.0,gdfvk@example.com,WRQHEIGTESUJDCXDZTNHUEEKFEAN,UK,Toronto,88311
648,LOCIGYWPXDNEPVTNMXN,10681104960.0,kdpqs@example.com,VBCFRVLFBZRWMPM,UK,Toronto,17549
649,SQAXSKJDWQVQPS,17003189161.0,cfzxp@example.com,QXDFNSMZKOPAQPEPNDKXCSB,Canada,New York,62494
650,NWPBHFJBSDFMA,10836075180.0,mbvgs@example.com,UMMIGXLWUPRXPEXULAJIURD,UK,Paris,97973
651,XGNSKRRZUXFFGQ,18915822281.0,abuqt@example.com,TMERFTELLZZMETQ,France,Berlin,33958
652,EGFQYSLGLQOP,13774157133.0,ovafl@example.com,DVGDNOSQRAIPTWFQNRD,Germany,London,99779
653,KAMTQPQYNX,18908709591.0,xqhxr@example.com,USYLOWVEPXXJMJZZEQST,UK,Sydney,47538
654,MRGQKYQSFTRUJA,12475804374.0,svoxm@example.com,ATTGFAKQVNLWRSR,USA,Sydney,15833
655,OFYZGJDNHA,18170782148.0,upyon@example.com,QWZBPUQJZGEUXHXLCXUA,France,New York,33386
656,BSJDQPEJVKAMTB,17007209035.0,dtxme@example.com,KEHZBFDSKIERCYHFHQ,UK,New York,81778
657,NULKANHREC,18468468585.0,hazme@example.com,VENATHYLQBCGUBSX,Australia,London,34832
658,FXUEUYBCDWZAPSZ,15246151892.0,hxgsj@example.com,KKPZYNFXZVBJXGTFIA,UK,London,87857
659,HBCNGMGPCZEWCXOT,16649141275.0,jgsvn@example.com,YZDAHHILZQLKPBOFKENPCCOIQ,Australia,Toronto,48930
660,REVMANIIDUYZBPET,0.0,yhdoe@example.com,DGUYZLPXAXZZEFOQPUOTLKYDM,France,London,42407
661,BNOYJPHZZXX,18554633389.0,dlfhf@example.com,ZKSYXIJVXAANPJTAMGTQ,UK,Berlin,14073
662,NTJMSBZENXUWUZ,12922278739.0,eiwzs@example.com,MVFFIWWQHFKUVMI,Australia,Berlin,27667
663,XHAEYKHQYJNAEOJOAX,16390624208.0,jkrue@example.com,WMSNRSWFSDQWEALDTN,Germany,Sydney,26035
664,FBBQVETNLDI,11150732470.0,kvquw@example.com,KPVJZTOENBWIIWGHEAPLJ,Canada,Berlin,16732
665,JGEOZMNYDFO,14817168480.0,kpisw@example.com,KZSSCOEPMMMWPYDXJVMCJEHA,France,Berlin,65097
666,QADKYSMPSOL,16360669969.0,gwtcq@example.com,HWALDUUETYAWOACPK,Australia,Berlin,13487
667,HVAVHEXALDOIJUMJ,11525437163.0,ftonx@example.com,ZUHKGGUZWJSTDNBUIBQJXEDSWGITC,USA,Toronto,67702
668,NSSYAVVZXHQWJAHEBSY,0.0,fpvho@example.com,VEMMBRENSSMJXQUUYNAA,UK,Sydney,95107
669,TWXKCZZIHFN,13569678419.0,uhazb@example.com,VYZGJYBEOAXSWANFM,Australia,New York,39075
670,OZXCWHVPFGMTZZISG,14629455323.0,xqele@example.com,IUGGXKEKLTAHVAEJBVADCVGEH,Australia,Sydney,81031
671,XGOEBBTELDRTKUTFMZ,0.0,bnlbq@example.com,CSBITRGXSITGPNIGUMZNAMBGMUOM,Australia,Sydney,94217
672,EYDJBZHTTCITBQAX,16558351867.0,dmfcz@example.com,SIJVNZJCQJYKSRATWSPJVCY,Canada,Sydney,24781
673,EMHGWNHKCE,11482645458.0,dhbij@example.com,NLWVDDDUAWPNIVMBMGNSFYNZLXVN,USA,London,49865
674,EMEBZMFQHQS,16081334937.0,unknown,UPODHFKHLPYDJBWPXDRMYSMS,USA,New York,18469
675,RGGPKEUNWZ,18181258671.0,wjylq@example.com,XDZDAAOLKIMQRWMBDJRNPSV,Germany,London,55167
676,EXSRZDWISKCKGQWRZOQ,18521198376.0,acfel@example.com,BIBTUHTQLGIMPUOBOLLKI,Canada,Toronto,91738
677,YQXJOWPOZIUSABFXIXR,0.0,kuion@example.com,BTDPOOKJEQOJOKQLJ,Australia,Toronto,29928
678,JDNUZFTEOX,0.0,smugk@example.com,KENJVWQUMXSRRDGRVMGYL,France,Paris,86521
679,CQIIORCHCSVMVPGZTEZ,15990287878.0,bwagb@example.com,QHCMGFCRDPQJZMWCMBUWQ,Canada,Paris,49599
680,BCCBPQPPSQXE,16982550996.0,wsnke@example.com,QZHUXKCRGFDWIICQDJMQWRXEPZ,Canada,Toronto,26775
681,LZGGDFPHFWSYJPB,12169360971.0,kniaf@example.com,RPDSPMUDBKYWULN,USA,Toronto,76504
682,XBYCZVKDNECZHJLZH,17783097885.0,gmjyt@example.com,KDJMUBHBHUTGQGJUFEGMABVNWX,Germany,London,85918
683,GBZLVTKIEFGNROAP,17743991225.0,iqdnf@example.com,TKCIBJOQFKCGLOHOBWMZULEUUJE,Germany,Toronto,80687
684,IGLILKCMEVVURKZ,16506874342.0,wakkq@example.com,GXODWPYOMMBYPFIWMEEQSVRVOEPA,Canada,New York,36804
685,VIZHXHMKFMKN,18466053225.0,ygipu@example.com,QWKGQHWSBYWVUESUN,Canada,London,42259
686,EOMXPSQPNQGF,10439787627.0,iefhi@example.com,HRCCPFQEYOAVWALVTDVZKJHPLC,UK,Toronto,96284
687,XXAPWNBDABZIAW,10322169261.0,zmcre@example.com,MJTCSKVKJXNQTQXESHIUQ,Australia,London,95227
688,WPNWMZSORCOOE,12269396298.0,vxtam@example.com,PVLUVMPLDGNEGJRCMMQPSXUIQ,USA,London,53560
689,YTPVTONIURQEOXKVL,11255597757.0,tzxrj@example.com,RHBYPFZIRITCDHGVQRZ,Australia,Berlin,37256
690,YTUICQXIKNZJDPPL,10622808480.0,xtrda@example.com,ROHUEVSRLSUZYEVJPCETWXLACINQP,France,Paris,16125
691,GWHFGIPVMORDEHD,15004401226.0,zgonc@example.com,RZJLESWRKHAFMOCMQZQKLC,France,London,14370
692,QBXPSVGKAU,11200003035.0,tshsw@example.com,GTSCTSMDFOLKYJJGWWEW,Germany,Sydney,14838
693,GMCIQBOIGSK,12249130982.0,rzynf@example.com,XWCJYJFXOLFTQMGHTYHLJMRZKX,USA,London,67429
694,URZQVDBQWTAMJQWUQ,17359335781.0,sloxx@example.com,DLZNICSGXFFZXKJLJRELROSGADW,Australia,Sydney,13134
695,CJQPPOMBZFCZXAQXAK,15069285853.0,vdsye@example.com,LPEPCHSWQKNCQDSLIBE,Germany,Berlin,53199
696,KMVQTUMQBBVRF,15097972442.0,diwsf@example.com,CSURECRUNCHRWHGRYJVICIPS,France,Toronto,87092
697,BWKQITETOZYQJFMUPX,15828748629.0,unknown,XVARJHWXHVWVKAEZQ,Canada,London,43822
698,TEXQGXQEFJE,11429896997.0,bnqee@example.com,UPBNLDOCIJEBZFMF,USA,Berlin,30113
699,TNBIRRVIEZRLFQNJZS,15852108534.0,afgyn@example.com,NSXEZOIPTLTNRSWVWGY,USA,New York,73594
700,JNOPFNDMHWIU,17076834729.0,npirx@example.com,FRCVKQXDUOEVKQHMP,Australia,Berlin,12669
701,EYRPWZSXIKKNJI,0.0,idgeq@example.com,SXZSCHZNHSOTMVMKAIR,UK,Paris,59427
702,ZKIMSHWDLYGXHS,14154298689.0,jxbcu@example.com,EWOLXEXSGHPUUWR,Australia,Paris,91617
703,HSYZDJOWHOPXUGHM,13214051841.0,gejdb@example.com,INWFAKWLUVRXZFOBH,Canada,Toronto,22938
704,ZTOFYRGBZBA,13534332823.0,qsviy@example.com,LBPEFURMCZDHAVK,Canada,Sydney,15717
705,VNBJDDWGTELLYFRBSP,17465019492.0,unknown,YSZCJDAGJCUKNGNUFDAGR,Germany,Toronto,87818
706,BQTZGUGWLWKQKHFF,17715662860.0,wlszg@example.com,WAIZDYCROUCVTTJUFJZZFWGLT,USA,Sydney,57659
707,TLIMOOZMIKVKIQWYUFV,18556113169.0,hcezm@example.com,FTRPPXAOUCVHAZTDVQOOVZIAK,Germany,Sydney,74575
708,ZYUCFVQKDZLJQF,18100120752.0,xwarv@example.com,UJBKSRDHOIHJJAYEP,Canada,Sydney,89737
709,USVYOLSYERZ,0.0,omheg@example.com,BIBPQCFCFSOZRBTSXQFFELNJKLHA,UK,Sydney,26289
710,ZOJYSIFNAAKCUVEHVRE,12055483220.0,zogcq@example.com,UTXJBJWPRXELBAYBLKAKGVHOZCS,USA,Paris,34406
711,RULUHIOCODPYYSRP,13675647927.0,unknown,FCVMQAOETKBCPAVZUJFK,Canada,Paris,22873
712,DOSRZKXWOPKKUMGO,19685991486.0,ucfed@example.com,BKNHONFNRQITMJOKXBYX,UK,London,92048
713,YXMDALDAFX,12177014464.0,xykkn@example.com,BIHBFUBHAXVYFAZNUWDTPCXEN,Australia,Paris,33461
714,YZRRTFNFVOVAQL,18042950188.0,yqytt@example.com,FNSAXHWGTLJFFMMHQPVREIQFYU,France,Toronto,30710
715,BWFEHBLGNJTN,11392708377.0,ianex@example.com,KNCRWOSNSRDHTDZZLFI,Canada,Paris,95488
716,AZBWCEKSGPTH,15987251046.0,uhebb@example.com,GNTOLWDFCDEGNQHFM,France,Toronto,23448
717,XDLRWNQLIPUJTTKIAPD,15338215013.0,xmsro@example.com,XITSMQYKPBYMJLHIBGWSLP,Germany,New York,25198
718,HBNXIXNNULKAVAK,18392073160.0,natks@example.com,TONZIQSWLNBKSDAYONISKUBXERVPL,France,Paris,83158
719,YOUWITUVQJOLE,12946234918.0,hakuj@example.com,KEVXEQRIKHLTAPHQIJIU,Canada,Toronto,77938
720,TAPDEIQFXYERQUKCFIM,16156933711.0,fmair@example.com,ARURFLSMWZJYASPZD,France,Sydney,60799
721,OTDWBPXFTO,11163476747.0,twkyp@example.com,CDKZEODSWXBJKOVIQXFD,USA,Berlin,44961
722,ZGYKRHBLVHAG,10491415819.0,cjbhy@example.com,MZIUESYSUQZGXLPMHZLQ,Canada,Sydney,53007
723,VVIBDNNHUICVVSFAUR,0.0,rcfms@example.com,ZPPJAWQEDCAHSZDNTAQDFNMV,UK,London,75470
724,GGJDRSJTSCQAXHQDB,18395101361.0,nvmov@example.com,VKRPDTJONNOUQSCTCV,France,Toronto,62256
725,BAEZFLXJHN,19026210262.0,srlhn@example.com,EFIJACWXEIZXAQHN,USA,Sydney,30739
726,SEXUZGTBYKJRB,14540427478.0,unknown,YPPPFGEZDNXSKGFJXVREDCV,Germany,Paris,94054
727,JFUCWPHIKPBXEAZWO,11390989715.0,qurty@example.com,CNMFMDWASEMBIJOQTTR,Germany,Paris,68186
728,PZLSOCTUUEOVQPPW,14420554898.0,osxiy@example.com,OQAJJEJQMNDTTEORCWOOJLLY,France,New York,36547
729,EXHLEKSJXRLIV,19065233363.0,bhhok@example.com,EEYHMHUDMSZJDSVSSQIUPJNOQTCG,Germany,Berlin,95823
730,TTSUFJSIPHLVEKSCXVZ,19507328175.0,oskaq@example.com,HHXUSTWHIEZNTWJTLSDX,UK,Toronto,61431
731,TCVAKMEGAMJTRMA,15951677966.0,knlld@example.com,VHTCWFVRRZECNSYIAFREPK,Canada,Sydney,35476
732,LWFGAJCGJJ,14331361689.0,oiyob@example.com,MVMMKMIWAFBLNRLS,USA,Berlin,88411
733,FXIWIJDYPYBKICGMMS,12749993790.0,pwapo@example.com,WPTNSQJDPXABMJRYAFDMIP,Australia,New York,20686
734,PBJJSZTZFVPMSC,16868614397.0,unzux@example.com,YBBVMJRDTNELGJAUGCLZ,France,London,27536
735,JPRDUXXVPRZJAWJQSP,19882241325.0,ycfkg@example.com,SXTBVEGREUCXWYZNVEEOMKVQLW,Germany,Berlin,44062
736,FHPLIPGHTEWIHWTPKA,10430362472.0,unknown,SUNHIYQLRESFSSZE,Canada,New York,58216
737,LENGXGDOGV,12721175929.0,adzvo@example.com,OKJLGGXPBPULRFEZQLHGJJAQADWXN,Australia,Toronto,35041
738,IABHGWCGTZPZBAHEJ,19058505852.0,fsrxy@example.com,HDOSGVZJQUVLTZAMTTRZHIN,UK,London,41653
739,INUJRYZWIEWHL,11716242266.0,zjdps@example.com,DDENXRTTMAULUHOUIBM,Germany,Paris,31673
740,XWSNKKXDRIHDS,16378067154.0,kjpoq@example.com,IFOWDKOKWFPDTJJOALUTTEYXWMS,Germany,New York,20367
741,VBKCAJUMCGYE,13395003249.0,bnhvv@example.com,LWRRLUYZSQGIVFTHRVZ,USA,Paris,29629
742,RNTZYBEMGJT,19404539198.0,oaxft@example.com,RUTAVIUTRHIFVFBEGXOHU,UK,London,98636
743,WRRBYPMQFWICYGEU,18889616055.0,skfsd@example.com,VTHGBVFLTVJNYZIQGTB,UK,New York,82190
744,JVXJJYFSYRUOZMTB,14626525019.0,jxkww@example.com,JCRYEXXDMCFGWUGBICPOQC,France,New York,35063
745,JWBCEYOGOLCJDGK,13423174039.0,vhias@example.com,QFOLAJFJAXMBRRQBHXF,Australia,London,29322
746,TOQNULRYMS,0.0,xqiql@example.com,MTZTXXHPPZDBCCFQALSCRTEKSGJJE,USA,Toronto,94546
747,LHHISSDFWLARSQ,17193284134.0,nigpn@example.com,RYCYQSZLDSVGIYWMZW,France,New York,22693
748,DNFEFMIQOOSH,15788002749.0,foymz@example.com,JKCXBMOKTSPPYFNGVXAWVAPLAAVSF,USA,London,19241
749,BNZNECJBMKKIUILATQ,15738939945.0,teozr@example.com,MYTPAKBEWEFLAEVARFGBAFPJONKES,UK,Berlin,39778
750,LKUPGWHVZSYOEI,15780262434.0,mkkls@example.com,NYAOIAGAMVIGKKFUMCKBRISGN,USA,Paris,22651
751,SMGYACGIDUHTRW,12297274016.0,lwuxs@example.com,NWVOZOKNDCDRNBTCEQ,USA,New York,35966
752,NFGXUAPCZYO,10109619260.0,sanqb@example.com,DVRTPUVLADRNZQOYOQBYH,USA,Berlin,19275
753,KEQPTURESHZNKOA,13613862233.0,gyfut@example.com,JZZDRHCZPQRTAVDFUKDWLGDTTXKEL,Canada,New York,55606
754,LKOILAVVBQAJM,17557770742.0,twafo@example.com,UIJVDOGHOGFLLOBPEFRIJDOPOUUW,Canada,Toronto,11658
755,KUZGYDTKGNYGXJ,16199530523.0,unknown,IVYTMEEUAGFSHNFIWHIVHLB,Australia,London,82468
756,YVKYSDYBPBZHKZFU,13768680305.0,pumkk@example.com,IJVMJZSCHMCJFFE,Australia,New York,24248
757,QSKFLLLEFOG,11983354585.0,pjdsz@example.com,KTOLZFACWYLPAODMWLJYX,UK,London,34437
758,CZXHKSVYABRUVSTZ,0.0,vgrlv@example.com,RILRZNGLZYHOKUBV,USA,Sydney,49727
759,SHOURJOJRTY,14847552892.0,jolaj@example.com,ZOMMGUJNOYVJIHJPIAKBH,UK,New York,28201
760,ANTCAVJQAPWACES,18176267387.0,ktvso@example.com,AKJQQSYFRXKJCQOJVOPT,Canada,Toronto,51150
761,NNYRGTKVJLJFHGM,19150090660.0,ycptu@example.com,LHNDTVBCRLITLMCRNQBT,USA,Toronto,99891
762,WLLVMUITGPWSXY,14453134215.0,pjohz@example.com,LTGNPSNWDIGRIIBXWQOLOQXMJ,France,Berlin,24999
763,QAEBBLVEKMRNEK,19365745848.0,bdnrc@example.com,UYSPCNXUAYRGKXDCALJWGYFTQVRZM,Canada,Toronto,16376
764,VQNCUXBHXPFUG,12817086900.0,cwebf@example.com,WADUNSYIINOBOSZNWFPHLAH,Canada,London,61673
765,OIRLFLGOAONYMXU,17812101718.0,dbsob@example.com,AVMMHZWSGCSNURLATMDTZZICFGGE,Canada,Sydney,13476
766,IRFTDHSKHJEBLU,10555608471.0,dnlch@example.com,BYMMOANAOPHWLIPP,USA,Toronto,79902
767,YFKSRGQUUDCYD,14626691785.0,tjson@example.com,FLCBLGQHXYIYGCOZFFLBDBCGHK,Australia,New York,87994
768,WYRRPLHIRFNFGECJPK,15740982653.0,zyyst@example.com,HMXGWCISGXRTTWV,Germany,Toronto,72878
769,OLVAMPXGGFCL,16835226842.0,wszyw@example.com,OVVLIOMKTZORBLYDJINPALBO,France,Sydney,30615
770,ZKFLPVVVFLDRQHMECY,15736649134.0,unknown,WNKWAPXGMZBQRWNZDFPUKOHGNOGKK,France,London,21164
771,ERFIQKOSPZAO,12340288888.0,scxcd@example.com,TYSSUJCIPNQFGAUYNLFDTUE,UK,New York,49316
772,ETEPHXFLDPKMTO,13604193841.0,wgbmk@example.com,VNCOTURLZTWPDXAIERVDHXJGCJPT,USA,Berlin,78560
773,EMBLFWCJTYDJGR,10190276092.0,mbdup@example.com,QWJXKHHOQAJPEKZSA,Australia,Berlin,39559
774,VNRAYWXUUQCONG,16454706882.0,vowoc@example.com,RHUNTBHVKHAOSQTUOVMFWVCOR,Canada,Berlin,72968
775,YHKECYTISGAJLOUYYVK,13376742889.0,mqrpa@example.com,OXVLPLQZZMIRJMKURYISKRHYRNY,Germany,New York,76800
776,CIQWSBUERLXONBX,19172818166.0,nbfzw@example.com,AFRQNTMOYHSHVUQIR,USA,Berlin,19047
777,JTCIOVUZCSFZTDK,17337559492.0,lhxzg@example.com,UCZPGQUUNKNGXPXATVJKORP,USA,Toronto,54985
778,RVMOPYCEGAHFDKFRT,11700441960.0,rkyut@example.com,YNZUEOLUYUPTKXTPHWHBD,Australia,New York,82123
779,TUBSSRXKCKABXAAMA,13312151659.0,bkhzt@example.com,WIPMMFTZDSVLCUEEK,Germany,New York,16577
780,MHVGTLHMBITQRXPIETP,11270817773.0,qvmtl@example.com,NUQGGZCFNUQGTBRHMSFXW,Canada,New York,93171
781,MWBWLIBLXVFMPTYHGOE,11160126733.0,unknown,YRXGZBUEJRHKPBWVW,USA,Paris,13870
782,RUSMWYPMZNPVLL,19006818674.0,migju@example.com,UWNTTZIGXIKGEDKDWQQHFQK,France,London,44094
783,WWGDFWNZNLOKDYKYLTH,10792466611.0,lhlln@example.com,LHAZHSZZSDXZHRBUAHI,France,Paris,65329
784,RFIXQEPMMUIBUPAHX,12591688177.0,zknnk@example.com,HONBKGUNJNSSQAKXJP,Germany,Paris,19217
785,JMACIWWZDEW,17123514857.0,bvhgo@example.com,HDGJKUDOKMUDPSHVQJV,Canada,Paris,93138
786,OCSKGGVQZOH,11353816815.0,dacuf@example.com,PDRTYGJMPWNMBCWUHGDDXP,Germany,London,76141
787,OZTXGQWTUMFEPBXXEEL,11472422016.0,sbosu@example.com,HNUQFCTMJAUXRFJHHNOGKYW,USA,Paris,32343
788,RUAMTLHAOJANMTJE,13038755148.0,sxwis@example.com,VFTXKORJRNIXESTSOUHSDYTU,France,Berlin,60822
789,NUAOSTGRDXUFCDYBCR,17368411777.0,mhyxu@example.com,FVFEGMOSXCPNCDRPVH,UK,New York,23003
790,YHGIXIBGYMY,14197389596.0,fjion@example.com,JKOKITDAYRDGNHZRFQZGRFZSIDMB,Germany,New York,69538
791,ACHSDJRSULKFFWZHV,12112673262.0,byako@example.com,RXRJBKWAQVZXJHWTVYTPXXVWQBZJ,UK,Toronto,42089
792,VBMSVVFDKRXBCQISRFX,17371779216.0,zofaq@example.com,DEUZOCOOVATZJTPYALI,UK,Sydney,63595
793,QWSUKRXPSIQPF,18904287889.0,cntlt@example.com,XZKRBTVSYGAZDCDKVSIJITIRMYD,Australia,Berlin,93197
794,DKTOXIUKJJSY,12645797600.0,lzzef@example.com,DKJSRMXEZKFSTBSZEKKMTJJB,France,London,92318
795,QSRXUZQSCM,15870741613.0,twobh@example.com,RVIMGXDPBWAQESVDGAFBSOPZUVAUC,Germany,Sydney,40029
796,IMAJUYCJSGQ,13451782639.0,tfzqr@example.com,HZSTJODYTITMVENVHLYRANB,UK,New York,89023
797,WLHRCYDUYZHEKBSCLG,0.0,ntjmy@example.com,NVPPUPDXPCAYGLPDZZ,USA,Paris,61324
798,WHEMMVANDVTANSS,19541095005.0,qawzh@example.com,PISDDQTZBPTWXWQ,Australia,Toronto,61962
799,TKIYXSBMCKNO,10106333484.0,pmgsh@example.com,WVFVVFVMXRAVGZICQV,Canada,Toronto,49042
800,GBFKBMACTBSVIR,19177832950.0,xulxp@example.com,EDNJJWEKLTJZLJYHTTJYPOLH,Australia,New York,97601
801,ATNNRMDRSXDFLIMX,15405272260.0,unknown,QDAETGHAEZGCYHUCSPCBP,Canada,Berlin,86380
802,BCRSROVYXFD,19973443027.0,sflfs@example.com,QONAYGWZLRTHMFTJMSBMMTTMMLQX,France,Sydney,94859
803,LETEPROHAILAEIANQCP,11738773176.0,wpnxl@example.com,FUAXWPCWWRJLMSGMOILFZT,Germany,Toronto,55957
804,SOBFJUMOKINCTZPHK,11605611719.0,rpqpk@example.com,TLXHZIDUHXCUJZRFEZXRWEUU,Germany,New York,92864
805,ELIKPYJYKAA,11430738115.0,unknown,PAHBNWUDRKTVYUSOCME,Canada,Berlin,53739
806,XTOIFSHQLB,11155790068.0,rhrzc@example.com,OXAJCETPMQEQMHOZLF,USA,New York,48733
807,AMKUSBTRUXDGEIMRO,0.0,ebyks@example.com,YMXQRRCEMMFMOSFFJCTTQ,Canada,New York,55389
808,ADMNHUETGZX,17439040290.0,wbrgp@example.com,ZPQDHIVLLSADBGCHITUUXAVKBIG,Canada,Berlin,39715
809,FLYKOQCQUHVLMZLEAQ,19213606538.0,unknown,OPLJIPLJTUMZMWSMXWVXRUMIX,Germany,Berlin,49116
810,UHBWENBULYNEUR,16994101814.0,tzqeg@example.com,JOHRNPGQNCWJAKI,UK,Berlin,66922
811,RPEBRVZCZIFZZRARZV,17783968605.0,idviq@example.com,ESYKFWXLMQAVFQXJGP,USA,New York,66251
812,WWQLVUXXYBA,11686719490.0,jqxlj@example.com,MDOUXPZIDYPJJYISTMNEF,Germany,Toronto,71794
813,VBEQANUFKGTTUVXIWZC,0.0,kmyqz@example.com,FJAPTZGHNHVCDTMFDUVKSSWQ,Australia,London,27580
814,IFJXHTPGWWXRROV,10710603998.0,woekx@example.com,SURJIENJDTWDZXQZLK,Canada,London,10823
815,ERHCPQQLWGVVUFB,19259832464.0,mfjtc@example.com,NIUETIRYVLZHDMDZANVP,UK,New York,17084
816,BCEQSJLVRSMYHC,0.0,cabye@example.com,ESRJQYQHVTNIQNDK,USA,New York,87991
817,LDNGUMLOBVAFASJW,14177970620.0,ngldr@example.com,GNTNQOTNVHBINWMFCDXGFWYU,France,Toronto,20607
818,ICSNPGAEZCQ,14360073899.0,uyill@example.com,KZGWMEPOHVDMYROBECS,USA,Berlin,92455
819,ZNPGIGOTCVPVRGQY,14512665393.0,xegqt@example.com,EFSHUHDTUXDFXSFWXEDZZ,USA,New York,94930
820,CVKWNQSVTEC,17877419115.0,wsdah@example.com,ZTSNRZFNAFEBZKEPWLLQEXXXAHOX,Canada,Paris,86355
821,AKJGPBHOPCTBONUID,19433791466.0,bzacs@example.com,KKFPRROAJCBKXUWRXAT,Canada,Berlin,21969
822,HJQFEJZQPYZWQRTZ,17217808767.0,wnrwn@example.com,OQCPSUCLTVTAGXWEGWAXI,France,New York,73059
823,KBNOAAILQODENFFSWX,12136166982.0,qjtxg@example.com,AOZPOQSXYMLRANKZTLBYYEEIPG,France,Paris,27333
824,IVAYDYPZEP,18672467554.0,kuwia@example.com,OBFVJABRQPFONCIHGNESOKWVBE,France,Sydney,87236
825,NINPFQARKKLBPVJ,0.0,rqusj@example.com,CLBBLEPLAVOYAMPSJEO,Germany,Toronto,46668
826,UNGHZJJJNSIQSBOFPQX,16236628277.0,aagrk@example.com,RPCGKGNEBMASWQOWF,Germany,Paris,21945
827,LZLSFBURGEXVHLYWAYO,12621678081.0,unknown,DZFDECZIQWEYMRFCTTRQSOLKJHCA,Canada,New York,56526
828,JRRGOEEAFPHDMSJZQT,12716794287.0,katps@example.com,YFIQQVKCXTOMMIFRQJ,Canada,London,57717
829,ELZAYYUACGU,12725037545.0,vknlh@example.com,ANHRIOYYJFHJSKMY,France,New York,69426
830,TUOCHCVWMBWCSOUOTZ,16020831416.0,ozwaf@example.com,JOENOIJHLMGZDUQUBAKBKHM,Germany,London,94166
831,CYQBPKIKXWYEMSMB,13481432056.0,lyirh@example.com,FIRAUMDDOXRNQRKMPOKK,UK,Toronto,98896
832,BHEKBFVXLFPSXRI,10505350025.0,tswev@example.com,WDZYZOJMVPHUKZBKZIUOTMO,Germany,Toronto,88349
833,QTQCOJVSEXXMYDN,12638638431.0,tylse@example.com,RWSFRSZLLKLWAGWYPLUKXL,Canada,Berlin,14601
834,TGYFKKRGSXCINQ,18975073025.0,bdwzu@example.com,CAMBUJLYPTWJWQRHDHXWBVANUD,Germany,Berlin,22930
835,ZWCFKMZNCIFKHTH,11744081899.0,vegli@example.com,RNEACPWDWNPGVKCOZHZTMRBA,Canada,London,14333
836,OOHMOPBCPJTAEC,10972266662.0,unknown,QISGLKULWOGVMNU,France,London,80935
837,RNNNARCZUVXMTOTR,17027163587.0,wcdvg@example.com,WKQOHBOOMEOCUPZJXJPQHRD,France,Toronto,27839
838,SORAREXULSWT,0.0,xiadc@example.com,XVCTBYYWZEKOSQVTRZOG,France,Paris,61337
839,XSZAXVCYAXYZQIEE,14046265681.0,ffxkd@example.com,RKXHXTGHYNBJPWTZ,UK,London,50204
840,QPELNJMOZFEPFY,11012627219.0,dmqkc@example.com,FFHVLZQELWCMZICJL,UK,London,30195
841,KUZIUEKFXQIHGEQW,0.0,clopx@example.com,BTRINLPRXDORGKONLTYB,Canada,Paris,37848
842,SLHPNNSCGFEPKWYAJQ,14156608070.0,hxynx@example.com,HAZLDSITEZCKBHYOXSABLKWIB,USA,Berlin,99229
843,XWGCYELJCPFPXH,0.0,fetsg@example.com,NYZTNEKHUEKTGSEXOPIW,Australia,Berlin,50854
844,TIMZBIMNXMSPR,15767240719.0,yabhd@example.com,WWQISZDEJNEJXCDFOKWTRNAYIFWN,UK,London,60998
845,AJYNQRGUQDL,12910191539.0,xonfq@example.com,QFPWHMYVRAKGUHLNAGQYB,Canada,Berlin,77390
846,HBZSNWQWQHFJGBO,13091284392.0,flqha@example.com,LOYZFTDDLYKJERDUCQYBOQXB,Germany,Berlin,41558
847,ECIEXTFDDYUQOGS,19009798287.0,ejvxd@example.com,LQXQEJKONMGPWQWPASRPB,France,Sydney,12985
848,OVSQFWEMQBRJ,10583819803.0,coexp@example.com,BHCTPDVDAAABLOGCGMGQPOCDPQXU,France,Berlin,71794
849,HHRLUEDXXMYDAKIQT,14157181054.0,oxupi@example.com,PVFIDILOFNYOLNBRLQLYKF,France,Toronto,53585
850,QCSWCFZTFYGAHPTXOSJ,19227303516.0,prpdq@example.com,DKYEVQLPHKGZCMEICXDYIOVITAEG,Canada,New York,94814
851,CMSCTCPLRVQUVQ,10981803474.0,kxorx@example.com,FHLCXSCHONHLHGXFBOZPWGAWNM,France,London,50264
852,GNKPVYDSVH,0.0,unknown,PLWVFBGHHSVVEIO,UK,London,43326
853,CCQFJWIFXVBCKO,15506020734.0,ovbgl@example.com,LCKXIUFTFLPSVZKWAGLSOUU,Germany,Toronto,94816
854,UKFVBAWDIK,10090254960.0,unknown,RNYGTUEJFDFDUTIOQEEA,France,New York,69261
855,FPJCXJLAYJYJXZDII,0.0,vrfsq@example.com,TRRBLJQIVWVTJRESOQBLHGWMYJMR,Canada,New York,44022
856,KUFGIKWQKYVRZIQUYPN,13452323688.0,ywymz@example.com,ZPNFKRXIFFEJWFMI,Germany,Toronto,25667
857,BKGJLKBYNI,14583628894.0,dowba@example.com,PQDWLSFDUOHVRNOOCQIZ,France,Paris,28065
858,XBLZCMSXMXVPWAHMGUU,13998401962.0,phgez@example.com,KLFZYOSPEEUIBPVXJJPTMNQUUT,USA,Paris,97191
859,MLQIJCUKXLG,10832400066.0,tbvej@example.com,WPWKCZOVRMQYZLAZ,France,New York,20006
860,JJZTJDJVJDGRWCXO,18418340171.0,yznbu@example.com,SIHTXUMJXLRHWFHWUUK,Australia,Paris,81819
861,ITLUPKQCODIHRV,17088851053.0,seuex@example.com,ZGPMXTCRVWRRSDEDTNSGGTMABDD,UK,Paris,55076
862,EZIPDPEGKGFSQ,17711385626.0,efqnd@example.com,BAYVKAFYPOIUNAUJUBSTCC,Germany,Paris,78861
863,FSQLLMFSAMEACCOOVD,12118642712.0,rrkqn@example.com,ORVYQKBJOVQZONWCF,UK,New York,60393
864,CHLWRMHQIGVXYOXVP,14051660309.0,fsrhe@example.com,VTICOUFJAWYFZMPDW,USA,Paris,13143
865,YHXPSPZYNWPAR,16470938902.0,pmoza@example.com,DMYPXASAMKQGWYABINPYZRTGQM,USA,London,67505
866,AQTGFMGXHLP,11894578770.0,absbp@example.com,LUJBFAFUYXXZIUJJ,Australia,Sydney,22417
867,GFMNMHSNYERD,19070434797.0,bugaa@example.com,PPSVLXTJAOSKWJVANVMVB,UK,New York,41300
868,AAISAOMWGNBMHLMC,13794362444.0,rrpal@example.com,YHKSSKEWQCVRRUKMUMCP,Germany,Toronto,38896
869,LUBTRPIVQYXR,11969676083.0,kizwj@example.com,NDEZFOUIMMFZRPPUPKZIAMZA,USA,Paris,60629
870,GDHAJDQGYAPX,0.0,kwmlf@example.com,PGNIRMYMDQWEQQJPNB,USA,Berlin,37606
871,KFVXAIKFSMQNTUDGOVJ,19685509812.0,vnflr@example.com,OGCROZKXGIIABWXMVUVBL,France,New York,49916
872,MOCYSCSLNHRDXK,14443420691.0,zwtkb@example.com,ZTIOKHZDUOZWEBXZHHJXFZK,Australia,Toronto,71330
873,SDFBGSNPHR,17050717321.0,lyowf@example.com,TLORBYPIPESYLWDL,Canada,Sydney,17551
874,DNXTVXUVRTEAWFTDSQ,13991211980.0,eozko@example.com,HFODIQESPKBECWQEO,USA,London,66422
875,EFZAROPWIVVEKEF,12020843708.0,saedi@example.com,VKRECBXBTHMKZIVKUTOQL,Germany,Toronto,77782
876,JVDNCMWOPEJ,11769199546.0,fwkcw@example.com,ZUTVFGDQCYUSXATSRRUGYNERLDT,Germany,Paris,75391
877,PHPEKSPNKNPY,11982076639.0,yikia@example.com,LRSOVTVFSGDWICPIRELD,France,Berlin,73411
878,CCALGKMNVLF,12826696091.0,marko@example.com,ZKWWLCTWCABLUKEXSYEJSOHRXYHZM,Germany,Paris,83185
879,GFIUQQOANBTVGMU,11230406613.0,pxxak@example.com,IAIZRPXIVFCZYXR,France,Toronto,10888
880,RFSIJZDUULMRMTWR,18095905023.0,flzsa@example.com,GKNQXCNJRWEXAILFHMO,USA,New York,67135
881,PUUWJNWOKHQCAG,19461535664.0,ubvtl@example.com,GKHIDNNSJJMRRTXPKVSD,USA,Berlin,39424
882,BJRGEDNXCMCHRS,16294413188.0,xagjv@example.com,NCMISKBMNBLMNXZMS,USA,Berlin,51559
883,JCLXFSWDCRHXB,0.0,poind@example.com,JJYKCJBHVDPAJFMWHGLRCQDUIQLO,USA,Toronto,21075
884,GKFSCMTYXBEOJFNUAI,0.0,fowhj@example.com,WDXZBURBGTLYPNOZRPOGXQQGE,Canada,Sydney,32699
885,VUKVSILTFPMFMORPIRJ,0.0,gwvvq@example.com,AYRKUDEIUTTEZQIQWTIZQ,Australia,Sydney,57972
886,BIRXANCWKVRYBV,10365045984.0,ymhyk@example.com,WRUZLGOZZLSHMDUEOG,Australia,Paris,19950
887,CUGCYODYOC,14759758770.0,affib@example.com,PQJKNWXMRQIPIKNNKOLNCL,Canada,Toronto,15413
888,TRNUIOHHHXNF,13169564239.0,qbvgw@example.com,NIQQPBWDYVHWIPKJYBAYYSGH,USA,Berlin,49305
889,OJLEVCEZLCUZAQJF,10456740407.0,stckm@example.com,CPGMCYGYWLVEBPXD,Germany,Toronto,13569
890,TMOWUBUBYQSAETPVE,11158452835.0,pislz@example.com,VJFSWNNWUOKFVLXNYFSNUQ,France,Berlin,76778
891,WJUJAIRGSZVPUFJE,13500091620.0,unknown,AJZQIJRZKQLEXUEJBWARPPEWWXVS,Australia,Paris,40085
892,MLXQYBEVJALNWHQKZT,17736158659.0,knxni@example.com,HAKSHSEUWTZRBWSJRPEMBKLUHL,UK,New York,86023
893,ERIIJUUDQZL,11354437746.0,hxkjs@example.com,OVQJGTTYZVJWRNPMKCZQEGFFFTGFE,France,New York,93845
894,DWGWWKDYTFAA,11298656512.0,unknown,GOREKWXYTNUHHBPQZJNLT,UK,Toronto,46163
895,AOAFXIFQWRWZZTA,14126159427.0,pefkk@example.com,BOOZCRTXPIWRGJVTQPJZQVLGA,UK,Berlin,59592
896,PPAGNOFWZQQFMXKSJB,15802970794.0,pwhsa@example.com,RYPLJKLDDJFEMKICXPPQGHYKLZ,USA,New York,97151
897,HOIMVWOOAEOVZ,17968630110.0,zuiny@example.com,QAMHBPVHZVYXGUABRQPUSONXBKO,UK,Berlin,67333
898,FWTEVITTGPQWHRT,19639675710.0,tcebr@example.com,CKIBLIOICMUZBACHRENTNIJUMAWY,USA,Paris,18039
899,JJFGGDSTIZWSP,18883884070.0,vuymd@example.com,ZHIKWESTTPWINRZPRTPX,Canada,Toronto,18198
900,EXEFIIVLPPEX,12244430397.0,unknown,PQFQYUSQDJVXYOTUHPPSTZFE,Germany,Berlin,44354
901,CFHPFNJVDL,14604974015.0,xogct@example.com,HJKBLYQRHHNXBHUTBYSNLETYTUKXT,UK,Toronto,13824
902,GPAPCOYFMTHLWNPZ,11881066218.0,kzmuc@example.com,RJPRZIZFLAJBMIHYLMFSTNWMX,Germany,Berlin,60420
903,DTXSYHDCMDKPOBO,18561557816.0,mhigh@example.com,POJNIJHRRLURQZKKTNATOTFZEMIJ,USA,Sydney,99535
904,OMCSLLQXHYMLPUK,0.0,nrjcp@example.com,FMVFTNUDBUANYPZNIIBKSX,UK,Sydney,13436
905,ISTHMBSMSKXBH,19343355006.0,omdpz@example.com,LFIGCHIUOHXQRWAN,France,Berlin,50857
906,ANHAYQUXDFACUBQI,10057656158.0,unknown,GNJUBCHPALMUOCIFEC,Canada,Paris,26057
907,SOFXFHCLTHKZZOMXV,13187767256.0,lwvvb@example.com,LHNQNWQADRAXZJGYRZ,Australia,Toronto,11310
908,MNVIXCWLILZKSIEJIAM,14196188953.0,hklfp@example.com,FCEICYOPHJKYRDCVHWLBUDLQ,Canada,London,85355
909,LKIOMLNIVJFSJ,19346797651.0,ejerb@example.com,OEUPUSQZWYJFTECDJCLZOWMDZ,UK,Berlin,88993
910,HRBDIPESOXOLPK,0.0,nwugh@example.com,HHLVNIFIVYHGHDWRCSUD,Canada,Berlin,76013
911,YPJVRPAEWGRFQLLA,0.0,deqfa@example.com,KWZBHTPJUDTFOPU,Australia,Sydney,70022
912,UZZRNJNCYUM,18996969544.0,cjmsn@example.com,VRPAOLLCZXAHRLKJDKOCQHAGSCI,France,New York,18906
913,ESEMOZFLPYRO,17839043302.0,wkzrk@example.com,HZSLIFCGDFBYSPJDNYGBQPGRONF,Germany,Sydney,19868
914,VBXJNWQUUQVR,12755574207.0,oydkf@example.com,FUBNIQJQBNXUCTDIMUTGVMRTSYV,France,Toronto,28546
915,UOLPFNRTCQTF,19327967173.0,vrlzp@example.com,UFAJNVCXLEVTADZP,Canada,Sydney,82855
916,GFLQUUFOEYVOKIDCMFA,11375265452.0,tprzn@example.com,DSLCOQXWKPSOGIKWTO,Australia,London,43149
917,EBVSPIRQGUQUTAHTJWF,14211193138.0,qojge@example.com,YHSZIUTVNKGFYAP,Germany,Paris,77381
918,AJYXLKESJRICDVUFBE,12416946252.0,kucqs@example.com,QMZWDMQOQXKTJSYBLU,Australia,London,33684
919,MANTKBOGWELQP,10784017632.0,idouv@example.com,CEMBWNRKZOUECRHF,France,Paris,39858
920,GZABTEAMAS,13438009623.0,iupwy@example.com,MUSJAJKEAASRELEWEWXQDQLV,USA,London,55330
921,CESLZHEOKO,0.0,qreei@example.com,YQNWXQTNQVNOSEQAGF,USA,Sydney,69204
922,FDEMVLFEJFIXTR,10117432795.0,wjywv@example.com,OUQXAKAJIWEUNZXCQUULGZL,Germany,London,35293
923,MVZWDMKKSANMG,16449702628.0,vmqmg@example.com,WGMNYQPHIRDHXSQWAGXSJN,Germany,Sydney,66869
924,MXEHNBSDBD,11068382784.0,tzcaw@example.com,TQBIOXYNQJFAWJEH,Germany,Sydney,14629
925,WVWRAMOIWBNWDST,14488235713.0,jomyq@example.com,NFAMLGMVNCXCOMHNUZCHNRLKJAHXD,USA,Toronto,15704
926,ITYTQPQTTZGALU,14505968724.0,rjtiz@example.com,SIAXWXMULXGWUGMMZQXYO,France,Sydney,11776
927,XXWTWQOFMWLCHXXPOUG,10896259020.0,xalkk@example.com,DUGFFKGIBUGAGIYPWMZFNNZQ,Germany,New York,67255
928,XYKDPDWWKXPPGW,16244802337.0,otnib@example.com,VTDBXPYALGPWWDFLZYPMLIDBBBOA,USA,London,58281
929,VJSTOZDYFZSTVLF,17398828739.0,bvpfm@example.com,WFESKSLAMOAMJNHVNETXZOLY,Germany,Berlin,41236
930,NNQZVDHZALMUTE,14161094730.0,fzaym@example.com,RDFZSQLCLXKUQEZ,Germany,Berlin,76780
931,GCSGQMXSMHHMBCMZQF,13878655021.0,bwaak@example.com,YFDMUSGKZTJOOWJDALIZKO,Australia,Berlin,11333
932,YAOHWLGPHIHF,16952303148.0,pigne@example.com,ZHEBBJQMIPGLDUDCIGBKR,Germany,New York,79205
933,PAMKWKSSKY,0.0,zsxqh@example.com,GOYTVVYRJRELCUWZQTTDCTGNSJ,USA,Sydney,93120
934,TPCBUYNOXHAYXNNSHIO,15373691594.0,dbwtm@example.com,ZMXHESBDNZBKIRDGCQZFAKB,France,London,60946
935,AOAAUBDQBGY,10451600010.0,tfrey@example.com,ROKMETHORKBLTQZSXINC,USA,Paris,65333
936,JJMEZGYNRVSZZTU,16464797821.0,lstso@example.com,TMOSUYDHRYNZAHHSADCRF,USA,Paris,37277
937,JHUBNBLQRQOCUS,16621912770.0,gswuc@example.com,SLWRDHSQUWUPFZARKASCZTOFBQNQZ,Germany,Toronto,60606
938,ZKRUCRDIYFGACOBI,18441456023.0,auyjd@example.com,KTBEUIWAOGSJSDOBY,Australia,New York,11933
939,HSZNXJXKHDWZHJOMEYO,16746171225.0,unknown,ZOKVYRFNIGYAIVVUBFQA,UK,London,43514
940,CCXMWIBORWHCAZGFAI,19509148550.0,hevpd@example.com,QOLEFDERZWJQBXJRQUPBZ,UK,Sydney,99893
941,ECIGTMATCFKQODA,17849294408.0,pvcwd@example.com,FFCNPJZCGNVOAEWFT,UK,Berlin,72958
942,FVINNGFSCE,19140664991.0,unknown,KWDDUGITQNSGZZO,USA,New York,16827
943,FHXMMASUIDEQGRM,17245570464.0,thhgj@example.com,BVLPKKCZGQBVYBTKMURXC,Germany,New York,40844
944,NNMRHAOQQB,17143217399.0,btyfo@example.com,IJUSPGKKQSDXFSKINX,UK,London,10792
945,BGAJRCRSMW,13386924303.0,nhiee@example.com,MAUKPMQJYNBPTQTYLPZUURJN,Canada,Sydney,49695
946,CVDQHWHYYCO,16455605894.0,ivghx@example.com,QLJADWUCYICNISVNRPBV,Canada,Toronto,93187
947,KFJJRMQDYRARGEPEJP,16233522941.0,ocuqs@example.com,UUWAVIUZJWCJMHAMZGOVKNZFAB,Canada,Sydney,52510
948,AHAZCRBYYEKNR,10182201519.0,rjbbq@example.com,RTVRVOLKIOVJGSTDANIY,France,Toronto,49137
949,GHYTQGWPQDDAWCLQPNW,19751951044.0,opftz@example.com,RCGAOCDEWYRFBJLBZUEKQ,Germany,Toronto,94610
950,SSPDUQSLASST,17316227219.0,bourh@example.com,MHXAMVYEGVAOOCWHGPALSRTMCYV,USA,Berlin,83410
951,LQEDEFCOCMEUIWOVBIZ,18717499394.0,dehvq@example.com,VYIIMDVIOOFHXEPSFUNP,USA,Berlin,92212
952,GHMYUVOFUMGQ,19404677190.0,foakf@example.com,VDVWAVPXJNCBGJDGY,Germany,London,49632
953,JVLSRDMCFFDDMJ,13275485508.0,wfttr@example.com,PMBJVSRPJSMWNLMLVICMNS,Australia,Sydney,46790
954,KMJKRGIMYJROYEOKFAN,11064537605.0,rgzxp@example.com,CDPZNNZHNCGELYNQKPOLTC,Australia,Toronto,93568
955,OPXEVTSSRZFICQJP,12755475685.0,vvwsl@example.com,MWEZAHLQQOKCKKNQCEMBUZF,France,London,40885
956,DAZRTDKXDS,15856347994.0,zrdbw@example.com,XFDRXIHZMYMQESTONME,Germany,Toronto,75214
957,EUMDJRCZZSEKB,13741977688.0,iglel@example.com,ZQBHPZFNILOBMVLYAZPJLHDEPUNMD,Australia,New York,86544
958,KLPZBVXZPPV,13600259742.0,pslaa@example.com,LMCEOATIBQIZGLELH,France,Paris,54870
959,HDKYHLDGMKJIF,11978659115.0,stlei@example.com,EOBCBKFBCPTRQWQJWELBIF,UK,Paris,58110
960,MFXYQMUOPU,18882284265.0,lbmds@example.com,MIXXCPXDGVQTOIYGCCXYC,UK,Toronto,15171
961,GUMFHVJUJALHHVGGO,19259814945.0,hmaqy@example.com,KXFUNMWBMMPABBDBTDMMAYCTOCANJ,France,London,19589
962,NPNFWXRJXOR,11509601349.0,qdhte@example.com,KHAMKIKKIAHTCWRSMIEFP,Germany,Berlin,28077
963,PPBOSXKVYHJFSCRHZU,10045241722.0,pbyzi@example.com,SSKHCLMZTWIOSFCSFQALLPDCGWD,UK,Sydney,74874
964,EEXOXBXMWLVCERKPIU,18392459063.0,msxic@example.com,TMHDBZDZCUTJFSCTNCPSD,Germany,Toronto,82246
965,UZILKAFMXWBRPJQPQ,18119199713.0,aroxa@example.com,HGQPDVWJKIKAQRDORGZXAZXN,Australia,Toronto,95772
966,CXIEQRPTIOUI,19035528481.0,owrst@example.com,ZIYOKBSIHDLUTPUQMOPRBURMAZ,UK,Sydney,48227
967,PIXMNKAWNU,12648187409.0,stmev@example.com,BRQJSRWXYLXVXAIMXCR,Australia,Berlin,24937
968,XTRAWAYQVBVVPEEXGUD,10610212888.0,eykjy@example.com,LPPSVREVLIDOZIWINSPIWWF,Germany,Toronto,19754
969,RJGZKAYFEV,15252741421.0,ffywm@example.com,ZRGOHJAHXUPDRCSFFYXIAKLJLADE,Germany,New York,35688
970,RGFGLFWPWV,19978293661.0,fyghj@example.com,CKAHUUVYBKDLDWFFZNAIW,Canada,Berlin,17048
971,OWIMULNHOXXDIZTFF,0.0,kehza@example.com,ZTARFGUOBWWCLQOAN,France,New York,32568
972,WGAUIZEZWIM,19010944300.0,unknown,MMMXGDDMLALQQXBGJGWUVKXDCBD,USA,Paris,85019
973,YTOQHOSKHF,16986338591.0,cjwvn@example.com,TDYZYVSJYPVIJIO,France,Sydney,27545
974,HYXWSTITXFEPGAJ,10502548529.0,ssieg@example.com,MPODCAUDCOXPZGPRLYHKJDDOW,Germany,Berlin,92949
975,ETSSIUCUISPU,13432884006.0,mrzmg@example.com,DQNFVCNEHTIZEUWQFRSXT,Germany,Berlin,55217
976,HNFLXARWGYL,0.0,hdqjd@example.com,JZUPRQUTFSBSTVPYLKLBF,France,London,58122
977,WTBYKPAFJIZJRRI,10118401551.0,eerxb@example.com,YBAMXTMRXUXTTOLKMEKQZSHDPN,Germany,London,43746
978,JIDOXHBDFTGMZEDVFEV,12390916547.0,kaugl@example.com,VFRXTLHHSNEXAZT,Australia,Sydney,18709
979,GEDIEVBQSGQQPH,12748862350.0,hlont@example.com,FKJHIGKCUEANNRWDS,UK,Berlin,35358
980,RXMZNRMJNWWJ,11583276193.0,aucak@example.com,TPGPTIGBJMDDSQYNEIXZNGNALTDTX,Germany,Paris,21023
981,QQKSMLLDYPWATVN,19515839687.0,wiydh@example.com,ATZKWLMYRNRUEGTTBRNO,France,Toronto,38756
982,GYFASAVWOLOCJYA,0.0,qntpt@example.com,RBZDOLSJDJWCQLLDGB,France,Sydney,73175
983,WUPEEKKLUR,0.0,bxhwo@example.com,JZBFETFKYDUIAJSQEKUSUAPBBKZQV,France,Sydney,64281
984,UZYHYCRUWT,19399050841.0,duoua@example.com,GRQUYOKWUUINZKFZFNCSYIOUJFW,Canada,London,59289
985,IVSLKAPAXTI,18732393853.0,mvgpd@example.com,WULOHYKPSCURHJUEVXXNHAM,Australia,Paris,68097
986,EHWXNDLZBFNMWV,11864106273.0,clxrn@example.com,QPZQHZTSNRZYDHQAFYAEIHXYW,Australia,Sydney,86681
987,SEWRLKDLXSGJ,14263041613.0,agscv@example.com,HFUSCGPAJFEQUCFALPYRHFS,Canada,Paris,96728
988,XWAPDWLMUCPB,11621115769.0,osira@example.com,IRTREKRACTEPDRRB,Australia,Sydney,57259
989,ZFJQELWHULLJMZABTO,10277864274.0,gogiu@example.com,PZCSKFAVUCYHCOUQURDS,Canada,London,28839
990,ATVVRALHYIWTBPWVNWA,0.0,pszlr@example.com,NPUXQVGTGFFMCCNBCGBUDDG,Australia,Toronto,37410
991,QWFZHRHHBPMNG,0.0,xpebp@example.com,MQGTQLRDUWMJBDE,Canada,London,21447
992,UHAQZHFSKHHY,15365445622.0,fhsau@example.com,LNJPGBVZSTXNPKFJGN,Canada,Sydney,96569
993,JVWMVCYQUVOFQXACHHK,16261785184.0,xesgj@example.com,COYQAETEQVPTAETBERSFQWKOBLX,Australia,Paris,85665
994,KQMXBEXULO,13653913073.0,pmger@example.com,YPLATVNGHMLGBUCHD,Canada,New York,23907
995,FEOCVIWZQUWNGOGM,11401738931.0,jxwwx@example.com,MZGLDENZOHGHOEALKYDQYDC,Australia,London,31637
996,KRMLBJVKPQNVUMQ,17937130751.0,hdamj@example.com,VVFRWUXUDOMUTTYUVYMZUDXCZIEE,Canada,Paris,48196
997,DYKQZCBARPKGER,12598968937.0,ltbfx@example.com,RAMAQHEBLJLOPWHUEDWPHIV,France,London,32369
998,VHVFVUUVVAGFV,0.0,unknown,ROSEHHYQEHJCCFDP,USA,Sydney,12589
999,GNFJRPLKXH,12007884163.0,lidfr@example.com,HGQOXEFWEYHGXCTRASXHAOXOCOGAD,Australia,Paris,33560
1000,LWGPDAYAUOZNYOBP,19339231860.0,falwc@example.com,BJJETLQIMGVKMWJQO,Canada,Toronto,13034
