shipping_id,ShippingCost,OrderStatus,ReturnStatus,Rating,Feedback,ShippingDate,DeliveryDate,ShipmentTrackingNumber
1,34.42,Refunded,Returned,3,QAAGDWULPNWJNGDBXRPIEIYHXTPT,2021-01-05,2021-01-12,804964.0
2,34.42,Refunded,Not Returned,2,RDPDFCROHRXWCFVZUXOLEGVOGMYCZWMZCBWDQFKFVBQCLNBVV,2021-01-03,2021-01-12,377767.0
3,34.42,Completed,Not Returned,4,EJJUIUMJFKDZNQTBJCGGAHWAHNNBHSJGMVUOKZNKBBLOQNYP,2021-01-06,2021-01-09,874536.0
4,34.42,Completed,Returned,2,HXQELFRZEFIOJQZSLIONAQAWUVMHMPBMRCMSMSDSRYFSYD,2021-01-04,2021-01-10,847385.0
5,34.42,Completed,Returned,3,XGGZWZPPEOWDXYMSGLZIQBP,2021-01-07,2021-01-09,560121.0
6,34.42,Refunded,Returned,5,RGACUKVOYYCXMDWVHVDRGKDMII,2021-01-07,2021-01-09,208929.0
7,34.42,Pending,Not Returned,4,USCYYLKTKQZUNPXJDJZTLIOIGZXLTXNVPSWCKWUTSH,2021-01-08,2021-01-12,204612.0
8,34.42,Refunded,Not Returned,4,HZCJMIFOPEUMSBFAOONGETYZPQKOTPCFUWMAUNB,2021-01-11,2021-01-16,228509.0
9,34.42,Cancelled,Not Returned,4,ORIZCDOETTEJPYLYNVKSF,2021-01-10,2021-01-15,427139.0
10,34.42,Completed,Returned,1,TCVOKVBYXFQRDWIJUZBKKKAZNAUWY,2021-01-12,2021-01-19,985266.0
11,34.42,Completed,Not Returned,3,XAUVVDASJOTDTNEOOYPPDYIAEITE,2021-01-14,2021-01-17,598458.0
12,34.42,Completed,Returned,4,PBZPRBPAPCOKJQDQDSYANXK,2021-01-14,2021-01-16,552503.0
13,34.42,Cancelled,Returned,2,GQDJQDSRQFGFYLIRBYQUAWIFBFICPYXOLWHZFCWDJNUX,2021-01-15,2021-01-23,602209.0
14,34.42,Pending,Returned,5,GGHJSSBOAJFVMJLXFFALWWJYNOWXDYAHCN,2021-01-19,2021-01-27,204961.0
15,34.42,Pending,Returned,3,BOFENSIHCRHPOUOPYAJSERCDDKIAYPIKFQLV,2021-01-20,2021-01-27,673844.0
16,34.42,Pending,Returned,2,PEUAQXUHJROTMJIMCVWCABKNJGW,2021-01-21,2021-01-28,420009.0
17,34.42,Completed,Returned,1,AZGOZKFVGGAJUOHXSCWODFYJRPRFSQRMGTLBLLXDDRPNQQC,2021-01-23,2021-01-28,555609.0
18,34.42,Pending,Returned,4,WMIUIHQPPSXPYNTNNNLFTMPIB,2021-01-25,2021-02-03,919817.0
19,34.42,Refunded,Not Returned,2,CJTBXJHQZVAFGORIHYJDTHAHWLWYOMPZWRAQPWETU,2021-01-24,2021-01-27,380592.0
20,34.42,Completed,Returned,3,ZFLJVQBSTFMILRHYRYWYVBHJIXRHS,2021-01-27,2021-02-05,505707.0
21,34.42,Cancelled,Not Returned,2,IMIYTLWMHOMUMQOYVSCNJQ,2021-01-29,2021-02-01,115366.0
22,34.42,Cancelled,Not Returned,1,HRLQWKIVXXYWYOILKQFHJYODRKIIHCURNCQDUROSVFOGLPIT,2021-01-28,2021-02-01,306536.0
23,34.42,Pending,Not Returned,5,KBVPDEGFXVJNHNNTWCAIIVBP,2021-02-01,2021-02-03,523469.0
24,34.42,Completed,Not Returned,4,ZFWMASOAJALKQDWGLMEFBUGNYVN,2021-01-31,2021-02-03,283985.0
25,34.42,Refunded,Not Returned,3,DCYWNFWOHECCMBXALHSINRJIFAEJY,2021-02-02,2021-02-05,158878.0
26,34.42,Refunded,Returned,4,VWDAUBXDQJWLBCNYOMIBSPKLYABPBZSJ,2021-02-04,2021-02-13,0.0
27,34.42,Completed,Not Returned,4,JPMPRXHXRMYGUWXYRFIFRQLCEGJJSYZDJRCUCE,2021-02-07,2021-02-10,134560.0
28,34.42,Pending,Not Returned,4,TMKZMSFXMDYVESEUNDLFSJAWWPDIRQOSGYR,2021-02-08,2021-02-16,128296.0
29,34.42,Cancelled,Not Returned,2,SULYCAEAHGOKRNIEWDLAXMACV,2021-02-07,2021-02-09,351916.0
30,34.42,Cancelled,Returned,2,XRYPTTPBQJGJSTIVQIIEXGKHYNB,2021-02-09,2021-02-18,298844.0
31,34.42,Refunded,Not Returned,5,UXPPSKFFGPMCXXIXCFYQCBLXFJKPP,2021-02-08,2021-02-12,500815.0
32,34.42,Refunded,Not Returned,1,RVWXIUSBXAZPVRCXAFSVSKHETIOUNDXXHTQBTPJBKJS,2021-02-10,2021-02-16,941871.0
33,34.42,Refunded,Not Returned,3,YNKIGOTQCONHDZJBNHWJYROEVMRBMNJDOHONUITCZOXQ,2021-02-09,2021-02-14,296321.0
34,34.42,Cancelled,Not Returned,2,PDKYHCSNICDYDKSPWVQJXQPTVFGNKLNEETVWZOZAYXWI,2021-02-11,2021-02-19,877640.0
35,34.42,Refunded,Returned,4,ZDPGVNPRPPBJGYOIGXPZCQ,2021-02-11,2021-02-18,110525.0
36,34.42,Cancelled,Not Returned,1,HBYTZYCHBSQETQJIVFKBWLLPYVXLURMOPDLQAVRVPA,2021-02-16,2021-02-25,871788.0
37,34.42,Cancelled,Returned,3,JSPNYBXFVWELDVXDEGFMDMDJTAUHGECOQWMOSTNUMLXWIC,2021-02-18,2021-02-25,387047.0
38,34.42,Pending,Returned,3,KJAQZMNABBGIXDBSZEIXMLSIJSJLNHPQTDFLRGEJFNFNLVZLH,2021-02-19,2021-02-28,854358.0
39,34.42,Pending,Not Returned,3,PTZHIMTQSQGATNQMBNAEGSNXNOEEU,2021-02-18,2021-02-20,181418.0
40,34.42,Pending,Not Returned,3,BRXIJZRDHRTZQPRGAARDWTUTDYFCFMWGXDAFXEMSDXF,2021-02-19,2021-02-28,922128.0
41,34.42,Refunded,Returned,5,EMYJCWYMLDJZCQIARIUTYIBSPCPUMCJV,2021-02-21,2021-03-02,569427.0
42,34.42,Cancelled,Not Returned,3,FFRFFVMNUGMOLUAYCRZVHBDRYZMOBJBULELWA,2021-02-21,2021-03-01,465534.0
43,34.42,Refunded,Not Returned,1,BPVBPTZPFMLWJEHFETVFVQFQEWQQMVGVUFNPCIOURJJWCAC,2021-02-24,2021-03-05,375946.0
44,34.42,Cancelled,Not Returned,2,EGCDQCWDBNEUBOKVJTASNYZWVNAYIQNMMFGBZHXFYCRR,2021-02-25,2021-02-27,206826.0
45,34.42,Pending,Returned,1,WFKCPEXVBOPGPXDPQBPDGRFRGBSIDNEYGHOSKTWDR,2021-02-28,2021-03-08,817871.0
46,34.42,Pending,Returned,4,ZFYPRAHAASUYJRLQAHJZJRIYBCBFWLVSO,2021-02-28,2021-03-07,780710.0
47,34.42,Refunded,Not Returned,5,LRPBKLEXFYKUJDILJNEAEPEERFURJOXVKZSYMT,2021-03-03,2021-03-12,516693.0
48,34.42,Cancelled,Not Returned,5,PGLOHWQAUHNJSHSDJWCDPX,2021-03-07,2021-03-09,682912.0
49,34.42,Refunded,Returned,4,YTTMUQWYPYQFCTXDHTIVAMZ,2021-03-05,2021-03-11,457462.0
50,34.42,Completed,Returned,1,WJWSQXMZNKJGJXANCMBQU,2021-03-09,2021-03-14,297663.0
51,34.42,Refunded,Returned,1,ZOHFZIYKVBIRSVRERLDOKS,2021-03-12,2021-03-17,716765.0
52,34.42,Pending,Returned,4,FMWJXYNDTWLOZJKIKBMVZZHU,2021-03-13,2021-03-16,127790.0
53,34.42,Cancelled,Returned,3,HAFZMIFOWPDZQILVSTZLVFLITEUCBHJOIJKINEID,2021-03-17,2021-03-24,774769.0
54,34.42,Cancelled,Returned,3,SAUALKANKGBOHVTYOZHJS,2021-03-17,2021-03-24,305915.0
55,34.42,Refunded,Returned,2,TNIIUYFHKHLJWDPTFIWEUX,2021-03-19,2021-03-26,366428.0
56,34.42,Pending,Not Returned,1,QQYXVMQNBZSZCBBVGDQFGTFIT,2021-03-21,2021-03-24,125420.0
57,34.42,Completed,Returned,1,ZDZESJROYAEEHVVVTOQSMZVUJQERQDVGYEHHKISSIWTQPGZ,2021-03-24,2021-03-31,794711.0
58,34.42,Refunded,Returned,4,CUSHEZZFBXYSMFFBZXEKKXNMHOLCUWEFBHEVQZBKD,2021-03-26,2021-03-30,421569.0
59,34.42,Cancelled,Not Returned,4,IFXBZOELMQDJAKPKIBGSRTGWILCWVZ,2021-03-25,2021-04-02,165171.0
60,34.42,Pending,Not Returned,3,GWZEYWGSQPUXUZSYRSDZADDIHBWFWKDNUVI,2021-03-29,2021-03-31,919317.0
61,34.42,Cancelled,Not Returned,1,YZADLEIVDPBPPUXXVKAOX,2021-03-31,2021-04-04,769719.0
62,34.42,Cancelled,Returned,1,RQGRMTTJABQVCQLXLTJGJRV,2021-04-01,2021-04-10,0.0
63,34.42,Cancelled,Returned,5,GQLQRNKBUAKBPVCTAUTHSZAZE,2021-04-01,2021-04-10,408978.0
64,34.42,Cancelled,Not Returned,2,AKUIEBMRZYLNEXJTBDLKDKIJFOJVUFAUVXTUDWZVNTVTHKOSH,2021-04-04,2021-04-13,0.0
65,34.42,Completed,Not Returned,2,RVXQFYOMZZRKMAREFAGDIOFYQTRVDINC,2021-04-03,2021-04-05,474485.0
66,34.42,Pending,Not Returned,3,KALYIEORIMMXMJJVGVET,2021-04-06,2021-04-14,883773.0
67,34.42,Refunded,Returned,1,TJJZYUXMOFTLSKFABWODEOKJQB,2021-04-07,2021-04-12,421535.0
68,34.42,Pending,Not Returned,5,XJTCSECHELNGKHEHLOSPNGHGRXFZSDWCQVSOZFZ,2021-04-05,2021-04-13,179568.0
69,34.42,Pending,Returned,1,SFKTTJZPRNDLTWUHGZIXYQJCUYHNZGP,2021-04-09,2021-04-18,224117.0
70,34.42,Pending,Returned,4,KFTUNUMDTTKRALRGLAVDROCGFOOFHHVAZMWXU,2021-04-06,2021-04-13,683808.0
71,34.42,Refunded,Returned,3,KDGLMVLPFNSPZDEIXCVJQSJLWGRSOGLV,2021-04-09,2021-04-17,402712.0
72,34.42,Pending,Returned,2,GJYXVTJYWERIPGYYJEGEOSJHXIKVBCMKJOFANRXKHVCNBPFA,2021-04-10,2021-04-14,468851.0
73,34.42,Refunded,Not Returned,1,JFIGYBKNEIGYNPVPGJUFQABNDIWFQUKDU,2021-04-10,2021-04-15,295012.0
74,34.42,Refunded,Not Returned,3,IPCDXCMSYUZAWWFVCCPJYQGMKJGXFXAQYLDCFZPMIZKTYU,2021-04-11,2021-04-19,684812.0
75,34.42,Completed,Not Returned,2,WSCLSHNVIYXQFDDSLYBQOJCTDVAARDWV,2021-04-12,2021-04-15,0.0
76,34.42,Cancelled,Returned,1,YWUVJYQYVLTLPEPQWOMHUBHJGJYDKIDCKC,2021-04-12,2021-04-21,212043.0
77,34.42,Refunded,Not Returned,5,RZSNXKXBBBJWOVLKQRNQOLPWFBBPBHGADKTGRDQKKTKON,2021-04-17,2021-04-24,914143.0
78,34.42,Cancelled,Returned,3,BRPLJPCHVVYXBVANYDDICEAVSAJVLJBPHNOP,2021-04-16,2021-04-25,916136.0
79,34.42,Pending,Returned,1,LBDCIRSGDFSAPKVDRWZEVFYBLVITLM,2021-04-17,2021-04-25,0.0
80,34.42,Cancelled,Returned,2,VWQETMMJOORRBWKMKDOVWYKRPJLMIUMFFKSKJWOMWHEBPM,2021-04-18,2021-04-23,613845.0
81,34.42,Cancelled,Not Returned,2,IOFHXNEQVGIPRMRJAURSBDKCIJBGOSJXTNDYKC,2021-04-20,2021-04-26,750364.0
82,34.42,Cancelled,Returned,5,QGZKRNNFIVCQLDTPXJZGJGWRIVRQKAQDDNIMPACSHR,2021-04-21,2021-04-30,605113.0
83,34.42,Pending,Returned,3,TZFELIIQSQVPLCNQVPULXBHLU,2021-04-22,2021-04-26,596236.0
84,34.42,Pending,Not Returned,3,HPJTODZODKFDIICWEOIBCZULPEJONNWMPHH,2021-04-22,2021-04-29,389961.0
85,34.42,Refunded,Not Returned,1,QQCAQZXPQYBYNGYSAQJFGYFEBRXQXZWGUSGWGPLOOKBCSTYZO,2021-04-22,2021-04-29,985637.0
86,34.42,Refunded,Not Returned,2,AOLGGKTKQCPEBWZZGJEOLJVQTTKHOBQWFUM,2021-04-26,2021-04-28,481172.0
87,34.42,Completed,Returned,2,HKOMRRYQVMCUXGLDXZKNRGEPKVCPKJWWBPQJRLHZCTXCFBCQ,2021-04-25,2021-04-30,204309.0
88,34.42,Pending,Returned,5,DVWBXINZKBUBEGVDNBWLJYASWPON,2021-04-27,2021-05-06,192415.0
89,34.42,Completed,Not Returned,5,UWOZGDURHLOOQBLCGFNWEDOGCMJW,2021-04-29,2021-05-06,669117.0
90,34.42,Pending,Returned,3,LXVLSSUCFBXMIMWNSKNPJ,2021-04-29,2021-05-06,350599.0
91,34.42,Cancelled,Returned,2,PZBYPNURZFGMBOQMGACTRGUQLPXJWPTROWKRFAW,2021-05-02,2021-05-06,126726.0
92,34.42,Completed,Not Returned,1,LTDJUBIJTKYNCYAGDGPJOPFDDX,2021-05-04,2021-05-06,242296.0
93,34.42,Completed,Not Returned,4,DVVQMBTFVAHRUDEEOJHZGLYKMOQVVRHFKZIZEGVOUV,2021-05-03,2021-05-10,161976.0
94,34.42,Completed,Not Returned,1,SMAAVNIXLRIHNITYBAMYJHG,2021-05-06,2021-05-15,116024.0
95,34.42,Pending,Not Returned,5,XLQYLPJYLKYNVTMBTGAYCTLELCTEAPIJJMPTYDNQEMYCEPSSQ,2021-05-09,2021-05-16,463792.0
96,34.42,Refunded,Not Returned,1,RYWHRISJBQYXMKPTGCPSTPBNZTJSXKRKISTJZ,2021-05-08,2021-05-12,667915.0
97,34.42,Completed,Not Returned,2,CXHFTATXFBSGKKDTPEXGYP,2021-05-12,2021-05-21,841402.0
98,34.42,Refunded,Not Returned,3,EATVVIZUEVFCFHFPPUCQUFFVSTOSBHGHMV,2021-05-14,2021-05-22,551210.0
99,34.42,Pending,Not Returned,4,OLONGQZETJSRYXJBFCSEGGJAKWGFFMPMBSSSRYFBSZFTWV,2021-05-17,2021-05-21,309029.0
100,34.42,Completed,Returned,3,FCKHYVRQSSXUQDGEZPFNZTBYRRMRQMLCVG,2021-05-18,2021-05-26,175342.0
101,34.42,Pending,Returned,4,EUADZAMNOQLGWSWCRZDZ,2021-05-18,2021-05-24,622532.0
102,34.42,Refunded,Returned,4,LWLQFOBHNECJGKOBEKHMKQ,2021-05-19,2021-05-24,279567.0
103,34.42,Refunded,Returned,2,ASPSMWVWDKRRJQMYNGJCBSGECYBWZVFNGV,2021-05-21,2021-05-30,129399.0
104,34.42,Completed,Returned,2,KUCIHZKRAODDJKRWOCGGQ,2021-05-22,2021-05-30,170346.0
105,34.42,Refunded,Returned,5,TXPPHCTOAJBGNPOGMYJIIFXYLWTTVNTGHHHBNJRRR,2021-05-27,2021-06-02,413449.0
106,34.42,Cancelled,Returned,5,TETETWJQMQRMQOZLJMKCVJKFAFEGVLLGBAW,2021-05-25,2021-05-28,528999.0
107,34.42,Cancelled,Returned,4,RLGSVCJKEBHNHWFAXAHKRXJLTWPEPXLFEASJYNYUCFEQ,2021-05-27,2021-06-05,651799.0
108,34.42,Completed,Returned,5,LEILTICAVOJNGDZETPCQMFZEPKQEFJUAUJQCB,2021-05-28,2021-06-04,943428.0
109,34.42,Pending,Returned,2,QDBEJAZAZDGNNRBAUVPVRPWVXFYJBGUQCTLBGQSLINBUDSUP,2021-05-30,2021-06-08,713577.0
110,34.42,Pending,Returned,5,QBQSHXTFLYWRBSXJYCYLZPLHEKJCWILFSPUWXNDRJ,2021-05-31,2021-06-04,0.0
111,34.42,Pending,Not Returned,4,LSHANWFNBILEBSGGJQZNKTFHSSXXXQXXRLIWX,2021-06-01,2021-06-10,103081.0
112,34.42,Cancelled,Returned,3,RPPDWVGAXWTAHZWHJAUYUNNJSYPITPTHGKU,2021-06-04,2021-06-12,926624.0
113,34.42,Refunded,Not Returned,1,OSNOFXJNPMKYCHCBUNTUVOCAO,2021-06-05,2021-06-10,245132.0
114,34.42,Cancelled,Returned,5,VBRAICBDPVAIYHFTRPHWDCOFARWKCMQRZZNYGGN,2021-06-03,2021-06-11,718035.0
115,34.42,Refunded,Not Returned,2,XOLLHPIBNXXPEETURREKMCQYRNLNZRTBGOJOQKBURYDIQ,2021-06-06,2021-06-09,897398.0
116,34.42,Cancelled,Returned,3,QPTYHWOASYOIEPMPVKMFZTQEQAEEGPRFBMJU,2021-06-06,2021-06-13,450353.0
117,34.42,Pending,Not Returned,2,KZUBHXVSTQPYJENXSDTPXOICWIRDSXDIAATSCJL,2021-06-05,2021-06-08,673270.0
118,34.42,Pending,Returned,5,NJJRXAOHZCRIPUOEMVTGPGYVPMQILMZIEGADZ,2021-06-11,2021-06-20,640420.0
119,34.42,Pending,Not Returned,4,PEVDFZWCYHQRRZYLYYAWLKM,2021-06-13,2021-06-19,472607.0
120,34.42,Completed,Returned,1,YHCQYMJQCMVFNJTPRMJFJE,2021-06-13,2021-06-16,714383.0
121,34.42,Completed,Not Returned,1,FGKPYLLWTZEPFIEUWPRSLBZJLNRSFEPNMUBBLASPGUGPYFRA,2021-06-13,2021-06-22,316421.0
122,34.42,Refunded,Returned,3,ZYNFFDLRJCCHVWYAROYU,2021-06-18,2021-06-26,901653.0
123,34.42,Completed,Not Returned,1,QYKMYTYJMQUATPPUCBFKCZAKMEROROTTTGQHMZP,2021-06-18,2021-06-20,293001.0
124,34.42,Cancelled,Not Returned,4,JNFTVZGFQUXHLZYDJFGUHCHOUAMVROGOYCZNTDDCEYKH,2021-06-20,2021-06-22,910086.0
125,34.42,Cancelled,Not Returned,2,BPYJRGEGUFXAKMLAUOACZOINWVXHVDTTFARFNKQIVGNQH,2021-06-21,2021-06-23,907635.0
126,34.42,Refunded,Not Returned,4,PLLEENFGWUQIVMIPDBMMSLDJPXSHFDGNMUEICJOTUQWXFYC,2021-06-23,2021-06-30,902652.0
127,34.42,Refunded,Not Returned,3,EMYAQZCZSUTVLHHOKTAPNGFUDVHVSYCDMUBKP,2021-06-24,2021-06-27,857807.0
128,34.42,Pending,Not Returned,3,OJBFNBJQHZPNJMAJVLQXNESEOMQAN,2021-06-24,2021-07-01,0.0
129,34.42,Completed,Not Returned,1,YIQCMLPDRWCQASVDQGBLEPH,2021-06-24,2021-07-01,936792.0
130,34.42,Pending,Not Returned,4,HMZNKFPWYVYOPMLRRNBVBCXHKLDIXQXPQOTZVGJDXX,2021-06-29,2021-07-03,732934.0
131,34.42,Completed,Returned,2,NNYNVTROWZSMLSSTBUCJELGIBYJFLFCJI,2021-06-27,2021-07-02,985983.0
132,34.42,Completed,Returned,4,ECEHHNXVQKZPFKJWIXXOGRAOBVBJTOJSVMXKVBU,2021-07-04,2021-07-06,488888.0
133,34.42,Refunded,Returned,2,MVYVZUAZEUVGMMTWUFTLHIRKTKXXOICQYQCSIQWRWOAZJH,2021-07-06,2021-07-15,468427.0
134,34.42,Pending,Not Returned,2,ZBSNHSAPYXOTXECQJEKFDGSGNQWQM,2021-07-07,2021-07-09,947450.0
135,34.42,Pending,Not Returned,4,ABRDMADBDPDYIQUWTUBCWZOGDLAQDDVWYIZUJSSOVQGCEP,2021-07-10,2021-07-12,150552.0
136,34.42,Completed,Returned,5,GPIACYHRXXRXSGYTFYKELASKOYPCKKJBTEWWYHMOBL,2021-07-10,2021-07-16,235278.0
137,34.42,Completed,Returned,4,HUSYWAHJMEVIJNXKNCUPTQEZGQTVKLYXBSZEKWSGUZV,2021-07-12,2021-07-18,0.0
138,34.42,Refunded,Not Returned,2,KNDHIBYKTVGDXNZXAXZLSEZHK,2021-07-13,2021-07-21,537887.0
139,34.42,Cancelled,Not Returned,3,DOTLTVWUJXPWHTHFCHWJEKDQZCRHXLUPNUPDAAVOT,2021-07-14,2021-07-22,104858.0
140,34.42,Pending,Returned,3,CNISHBDAKEBMQQRUIFTCHCATMUEPUXPXLMDIPAE,2021-07-13,2021-07-15,434833.0
141,34.42,Pending,Not Returned,1,EXYSIHSRODOMRTERHASWZQBSPRBFGFFIHXVUILRW,2021-07-14,2021-07-16,550243.0
142,34.42,Refunded,Returned,3,WDYGRTERJHAOCONAUHGIRLHHF,2021-07-20,2021-07-27,332600.0
143,34.42,Refunded,Not Returned,5,BNHFDEUMIMIXXPLBSPXMEW,2021-07-22,2021-07-28,193100.0
144,34.42,Pending,Returned,2,XFUXQQQCZMLFVUMNGENRDAGTMDMDCHTHYQODFXVFJDIPGNFAR,2021-07-24,2021-07-29,896438.0
145,34.42,Pending,Returned,4,VOAOOPUACLGEZAAOHKNYWMSLVSZDDCZ,2021-07-26,2021-07-30,974472.0
146,34.42,Completed,Not Returned,4,EKYICILCTQULYRDJRHISMYFVG,2021-07-26,2021-07-31,879619.0
147,34.42,Cancelled,Returned,5,UFKQSYLUUXMRGYWEPVDWADCDALMBIGMVBARGRSHWLKIDGQK,2021-07-25,2021-08-01,0.0
148,34.42,Pending,Not Returned,3,BWRVZLIKEZGAXYEFMKHTBOJHBUOFEVVCKKPCICSKNBGJJT,2021-07-28,2021-08-01,485366.0
149,34.42,Refunded,Not Returned,2,FUNBFACDMCOMVKDQEUYX,2021-07-29,2021-08-01,743703.0
150,34.42,Completed,Not Returned,3,UXJGQGXSIXBVTSFJMYBJJZEVDWB,2021-07-29,2021-08-01,470080.0
151,34.42,Completed,Not Returned,1,RQKURHLXATYULZFCENLMMQXOFL,2021-08-06,2021-08-11,337432.0
152,34.42,Refunded,Not Returned,3,DTYYULCQFXQQKWGBSBVMX,2021-08-07,2021-08-13,581563.0
153,34.42,Refunded,Returned,1,PQKIXINMYKLVCAHZSMGMZFCFCMMYMAHETQIMYMENKYZ,2021-08-07,2021-08-15,457127.0
154,34.42,Completed,Not Returned,4,YGXQDJJOTLICOLZOZAOKEGLTYFVCJZUZV,2021-08-06,2021-08-14,588189.0
155,34.42,Refunded,Not Returned,2,DMSEWVRAUUPPPVSPATTJBNHFCPQLSXTCMPKTPTBDYDQAAEVLF,2021-08-08,2021-08-10,444943.0
156,34.42,Completed,Returned,1,YQZVMHXLOSUZTQIURBKWTQURO,2021-08-09,2021-08-18,270679.0
157,34.42,Refunded,Not Returned,3,PYARVHGYBLPITKOCWUMUMBFFLD,2021-08-16,2021-08-19,281646.0
158,34.42,Completed,Returned,3,WHFUCWHSUKRJZTLTHSUPURID,2021-08-15,2021-08-24,0.0
159,34.42,Pending,Not Returned,4,YBIIRKMFIPDBGOYFKTQDSGKMZUCN,2021-08-16,2021-08-23,332338.0
160,34.42,Pending,Returned,5,REMMXXNLUMRMDWVJWERHN,2021-08-18,2021-08-26,0.0
161,34.42,Refunded,Not Returned,5,BHPGCDGDIWQQTNNYMDMUQORKDTKJVMVHMIAAOVDTAYLKSOU,2021-08-19,2021-08-25,0.0
162,34.42,Cancelled,Not Returned,3,AXCNOAJVAOCUTWVLSPHXNRWABXLQB,2021-08-22,2021-08-28,0.0
163,34.42,Pending,Not Returned,5,QUGFFVHEOZGCYJCNVCAASDBYKXLMPPSWTUTIPGMDMHBGKQX,2021-08-20,2021-08-24,288023.0
164,34.42,Completed,Not Returned,2,NMOVUYICYMMIREKBQWTUDVRXTHSLKPECLOPMGOCLHYLRCLWU,2021-08-23,2021-08-26,648180.0
165,34.42,Cancelled,Not Returned,5,WBNNDQOPEXQWGWOQLKSKBOERUUPDWJVBODPGYYLCQIHWF,2021-08-22,2021-08-27,119362.0
166,34.42,Completed,Returned,2,OJWYFONZSMNCDZNNZHJINHKJRDDLRHCRGAVMCCOUSDMMOSPGC,2021-08-22,2021-08-29,330873.0
167,34.42,Completed,Returned,3,ZTBRYKAPQPJQCRSNUYBLKQFSMGVKGMMUASSWONCUTDGAWXSCT,2021-08-25,2021-08-31,0.0
168,34.42,Pending,Not Returned,3,MVNGAMDLGBQAZNVUAZCKGYIVCASZBUXEQS,2021-08-26,2021-08-31,644859.0
169,34.42,Refunded,Returned,3,EWUNJUGHHGMNSKBQFISEIYGDRRTQDVPVWEIBBDTTQTUYSCE,2021-08-29,2021-09-03,177781.0
170,34.42,Refunded,Not Returned,4,FCQJXLARSVTDOIFLRWOSIVXMPMARV,2021-08-31,2021-09-07,425044.0
171,34.42,Completed,Not Returned,5,QVEYFUQQAGVPEPDKNMXHUT,2021-09-03,2021-09-06,904363.0
172,34.42,Pending,Not Returned,1,RGUSYIKJNPHALCBPDBLXQTUJTHRYRRBLJH,2021-09-06,2021-09-13,261307.0
173,34.42,Completed,Returned,1,JKNZOXWJDGKXVVCEZBLUEGDKVIDVIZLPAHATSD,2021-09-07,2021-09-12,773734.0
174,34.42,Cancelled,Not Returned,3,WNIIZQOJQIDNCYULVAAMNPGJOHKXNMWMI,2021-09-08,2021-09-16,814528.0
175,34.42,Completed,Returned,5,RSMLUTTHXKGAJODAKESSDBGMTULBVIPHXRDX,2021-09-07,2021-09-12,393847.0
176,34.42,Pending,Not Returned,2,QHSHFWBOAFSDMOICBPRRFRKGWWNRGJ,2021-09-09,2021-09-11,824042.0
177,34.42,Completed,Not Returned,1,XNRENVYVZVJZOFIJWQANDBCGWNL,2021-09-08,2021-09-16,0.0
178,34.42,Pending,Returned,3,ROAYZCYODOJFMGZVAVKNFESZSZMGHNSSWZLWIN,2021-09-11,2021-09-19,757106.0
179,34.42,Refunded,Not Returned,1,OMGKJAGRWCIEWXMPPLRKQGOFF,2021-09-14,2021-09-21,0.0
180,34.42,Pending,Returned,1,STSBCNVYDVQFSIDGDKVWBJFHOMVBTAOGXZRJO,2021-09-13,2021-09-18,475886.0
181,34.42,Cancelled,Not Returned,1,XKHUHFOOEMNKTULTACHWLOWC,2021-09-13,2021-09-15,381288.0
182,34.42,Pending,Not Returned,3,VHXSTFRKLWBEDIMMOBWMGWQHROOEBPEWFLETHKNXQJBC,2021-09-17,2021-09-26,259948.0
183,34.42,Cancelled,Not Returned,3,QCJHDMGGPEQJDWNEBNXRXKPRPUDANLXJ,2021-09-19,2021-09-22,369105.0
184,34.42,Cancelled,Returned,4,SDTUCYDZOKPDFHMWTDEJELAXJESSTLWPEQNLMUNEVWERNRT,2021-09-17,2021-09-22,334012.0
185,34.42,Completed,Not Returned,4,GQCJGLVOWUPHFDKQBFDC,2021-09-21,2021-09-27,780761.0
186,34.42,Cancelled,Returned,4,GPBHOPAJGPJLQMLONSSZNRZETF,2021-09-21,2021-09-28,261049.0
187,34.42,Pending,Not Returned,1,NDWAMKCQRYJPUMTLDHLSOPLTRVLPYTKVTNBMN,2021-09-22,2021-09-27,875696.0
188,34.42,Refunded,Not Returned,5,LGDGMKHSBURZUJFXVDSNNRQRR,2021-09-25,2021-09-27,259876.0
189,34.42,Pending,Returned,3,IADZGKNJSHCHRETKISLEPZYM,2021-09-27,2021-10-03,583386.0
190,34.42,Refunded,Not Returned,4,PRQLAGNRWATJOKDOUPZOQWKRP,2021-09-27,2021-09-30,593199.0
191,34.42,Cancelled,Not Returned,5,OKMRHIVKQAKGHSYDDSXIQRANDJWNGLVPEKDMHGKKZQVNBT,2021-09-29,2021-10-06,0.0
192,34.42,Completed,Returned,4,HVBUOEFQHSEWSNJMVEGJKCMBDCODWUDOFWELGCGL,2021-10-06,2021-10-10,658685.0
193,34.42,Cancelled,Returned,4,SFHFZCEIXPVPIRMKYJJFPYLDEBSADLBLPB,2021-10-06,2021-10-10,470580.0
194,34.42,Cancelled,Returned,5,ZBDFWGWOTLENPKLSQXZGINZTLOLUUWMIXGAJ,2021-10-07,2021-10-09,457124.0
195,34.42,Refunded,Not Returned,4,FZOOIMWAICITYOXGDYTQVDZSEPCKYVOSUXNPXFEUQPBKDFGQ,2021-10-10,2021-10-13,412821.0
196,34.42,Pending,Returned,1,AYOTLOWVOIPBOOGUMWQKJYANEHA,2021-10-10,2021-10-13,794713.0
197,34.42,Completed,Returned,1,BGGIVDWGTRMKINHUNUQYNZXEJF,2021-10-10,2021-10-19,999353.0
198,34.42,Completed,Not Returned,1,JKZXFJNTCGBGQMZUIMOMQHIIHPTGQGFEQHZAPQCMHPXGUOX,2021-10-13,2021-10-22,0.0
199,34.42,Completed,Returned,2,XBJEDOMQUWARONILEWBWW,2021-10-15,2021-10-20,114191.0
200,34.42,Completed,Returned,4,UIRDBXAYLMNECDQSKHLRRIEUQM,2021-10-20,2021-10-29,538237.0
201,34.42,Pending,Not Returned,2,XVNOWNDRALVIJURQSDPGIHYGJ,2021-10-25,2021-10-29,709365.0
202,34.42,Completed,Returned,3,XQLNLYBLNGZZMUDAQCQHCJBVDNK,2021-10-25,2021-10-30,433497.0
203,34.42,Refunded,Not Returned,5,MDBBKVEITUQLRCEUTNPZSIQVGJDJCXIMA,2021-11-01,2021-11-04,117004.0
204,34.42,Refunded,Returned,3,OKJYGAGEZWPYHVBHNDXOGTHKBIFWZACJEL,2021-11-03,2021-11-05,349345.0
205,34.42,Completed,Returned,2,AIUMSGZPHZZSGWDJYAQUMSZMIEWABKDIEEYHBGQZKO,2021-11-04,2021-11-06,235723.0
206,34.42,Completed,Not Returned,1,CMRTTCBETEMHPRYZPAHUBXEZONZCGDKZLOFZXARNXGJI,2021-11-11,2021-11-17,559467.0
207,34.42,Pending,Returned,4,HVATBGYPVDUQDZCIVOTCL,2021-11-13,2021-11-21,475002.0
208,34.42,Pending,Not Returned,4,THLUMOKQUXLTRPCIGSESJTLHCSKHZMZWWJ,2021-11-16,2021-11-18,386316.0
209,34.42,Completed,Returned,1,LGZKJCGDHHFMLCFVSKDOBOQBGZPEPYSBODBWJ,2021-11-16,2021-11-24,270539.0
210,34.42,Pending,Returned,4,XERDARTFTTNZJRILJXXUSFNYHWNKXPTFOONULBHSN,2021-11-17,2021-11-21,444792.0
211,34.42,Cancelled,Not Returned,5,XIMINEBGPKKWLMHXPUAMKDDO,2021-11-20,2021-11-26,228914.0
212,34.42,Completed,Not Returned,5,CXSUBFVXHQEBZLEJITHAXFXVKCOKXEZPUGFIGCKLUYKZBA,2021-11-24,2021-11-28,964560.0
213,34.42,Pending,Returned,5,XXBNMXEBWWSQKPTRTHBQKNPOOCZGLVVWXCSJHPPLWZETFY,2021-12-01,2021-12-10,536314.0
214,34.42,Refunded,Returned,3,HQLVNBSFRDVEFOFHIUVFVBPTA,2021-12-03,2021-12-12,692367.0
215,34.42,Completed,Returned,1,PAAGPQPPFRVVCHDWDQVEYNOYLMXWRNXSVZGFEDRYNPWWTNEVK,2021-12-07,2021-12-12,889584.0
216,34.42,Completed,Not Returned,5,RDMTMDWWGWBUZRUFPCVOUTJIKNXLGKQ,2021-12-07,2021-12-15,0.0
217,34.42,Refunded,Not Returned,2,IVWMPCEWQAUIWQMOUHHBWJEPYSAMDGABPNEYNQLTLCUU,2021-12-08,2021-12-13,448293.0
218,34.42,Refunded,Returned,5,BUYUOKJRWVWXZUBGGXGZWNYXBBWZOKJCQIONSQVTQPTHG,2021-12-08,2021-12-10,327665.0
219,34.42,Pending,Returned,3,AZLYFPRSWCCECSENUPYAQKIUDBIVYED,2021-12-09,2021-12-15,329162.0
220,34.42,Refunded,Returned,2,EXXRMEZXSWCVRFFXEAHYAUFTNKBUDMGFCINTKENSHG,2021-12-08,2021-12-12,844445.0
221,34.42,Cancelled,Not Returned,1,GXWCCRMAEDPORQNNSFMRZOWGSQIKEBOXLJJTKJGNMESJHR,2021-12-14,2021-12-18,863435.0
222,34.42,Completed,Returned,1,EKTKPJOGOYPFKQOPXBDS,2021-12-16,2021-12-25,924385.0
223,34.42,Cancelled,Not Returned,5,RUKICBROYVRSOQRRKRWCMNDRE,2021-12-13,2021-12-16,0.0
224,34.42,Pending,Not Returned,2,YLYGLHUUCVACKRGIDWXJRWPLSXVCHSISQ,2021-12-15,2021-12-17,0.0
225,34.42,Refunded,Returned,2,BDKBDDTAYZKWBSHWTDYPOEEOWQCRKZFL,2021-12-17,2021-12-24,480146.0
226,34.42,Completed,Not Returned,5,ZQNFJPRTFSCLPCPDYTMDDGULBPGSKAIEZQAQLYMXK,2021-12-19,2021-12-24,741120.0
227,34.42,Refunded,Not Returned,5,MFZVFTUJSCZGEHELDSRCGHOUQSDPZMLD,2021-12-24,2022-01-01,254719.0
228,34.42,Refunded,Returned,4,QZILZOTBINDDFXEXQMTQSWAUQVYCNLO,2021-12-27,2022-01-05,354904.0
229,34.42,Pending,Returned,4,TVBDMMWVYWQFKSPHAJBSNCWXI,2021-12-27,2022-01-03,691569.0
230,34.42,Pending,Returned,5,HKOFBACYWRNQBSVIHJIHGVXFBIISIBSPVNTXAMVBVN,2021-12-30,2022-01-08,554891.0
231,34.42,Pending,Returned,3,ORIVHGIIKDGUGDLZQTZC,2022-01-02,2022-01-10,921384.0
232,34.42,Pending,Returned,4,ETPHUPSPROXRNXPEHPUAKKBVSXEC,2022-01-07,2022-01-10,136196.0
233,34.42,Completed,Returned,5,ZWHDMYVNAEUGWFOOHBNPWJOWDLJBDTFNWCOZASYAMHRVCWR,2022-01-10,2022-01-15,297679.0
234,34.42,Cancelled,Returned,2,ZIFTBZYDYRGKEHKXTTOXCGXHKJTIOZTXVEODEOQ,2022-01-11,2022-01-19,625475.0
235,34.42,Cancelled,Not Returned,4,HYSIJEJVAYYVXDUEWGWETHQAVRLCTNPRJWOJASBMYP,2022-01-15,2022-01-20,0.0
236,34.42,Completed,Returned,3,CUSNKLKKVURJPHFSMOMAUBMBYKM,2022-01-16,2022-01-25,505777.0
237,34.42,Refunded,Returned,1,WVOANJRKGOCBVHHKPBVEGTMBZCIJX,2022-01-18,2022-01-26,0.0
238,34.42,Completed,Returned,2,YUMEWGQOEXGBXRJANSPSFLCGXCYQOSSW,2022-01-21,2022-01-25,0.0
239,34.42,Cancelled,Returned,3,UTBGSGJLWRWFZTUHECBVFGHDLXLQVV,2022-01-23,2022-01-28,420984.0
240,34.42,Cancelled,Returned,3,ILUQWJSZZKTVXMDOLYXZJVGXBUGHUSFUHYYVTD,2022-01-25,2022-01-31,0.0
241,34.42,Completed,Returned,3,TXIEFSLEERZFIKWNXBNYSJEWDGXMJJDPOUKSUXCOPNEZ,2022-01-26,2022-01-31,107147.0
242,34.42,Pending,Not Returned,2,RSAYIUNTUTUWKXBTXWYEVXOLNKUITHLCUOHZ,2022-01-24,2022-02-01,442336.0
243,34.42,Refunded,Returned,3,GQLTRROWCSOPVVQAKFWITPZFLSMMDINNQEWSBMKBAUCLGAI,2022-01-28,2022-02-03,738935.0
244,34.42,Completed,Not Returned,1,RXZTFIWHWRYOANRSSJTUFQNMHVJIEWDFFMDVHEBIKTTKGZNZF,2022-01-26,2022-02-03,784951.0
245,34.42,Cancelled,Returned,4,DFCWFCAZUZRWWDFQRFBLLDPTJYJGNGLKQKUCSVDHNTXNPOLPT,2022-01-30,2022-02-04,180052.0
246,34.42,Pending,Not Returned,2,ELEJZQOHHHJTMPIPJCWVYNMDDFXSKHNHNWGURL,2022-01-30,2022-02-02,826641.0
247,34.42,Refunded,Not Returned,3,ORLJLHFXSAMVPRLYEUMZHFCYZTZDLMBSD,2022-02-04,2022-02-12,0.0
248,34.42,Cancelled,Not Returned,5,MSHHPZKRDXAANDKRPQXBDCOBXSIJUYSENJPFYHBRUU,2022-02-01,2022-02-05,772564.0
249,34.42,Refunded,Returned,4,THEQPZEQDAVFAXDBMNQKCGJKJHEWBOPDVPLNLUPP,2022-02-03,2022-02-06,371335.0
250,34.42,Pending,Returned,2,LBWXNKIVGLQIFLTJILABSAPPRRWZMVLIEIMPJPNYB,2022-02-04,2022-02-08,764125.0
251,34.42,Cancelled,Returned,5,YSKSKNOYGOXWYHDRNURDBUFKAOLXREKXUSVAQHWPZZKSXKO,2022-02-03,2022-02-11,423517.0
252,34.42,Pending,Returned,5,NAJGRLBRUGTLTYNJIWOZTXJSSLW,2022-02-06,2022-02-14,744221.0
253,34.42,Completed,Returned,3,LITDAPAMCLWIDBVVITXMNCRIOVXJYQMAKEIGGBSTRJYEPWYE,2022-02-05,2022-02-08,491025.0
254,34.42,Completed,Returned,2,VPDNXQQUPZIBKOCXPUSVFNEEFRVRSBQAIM,2022-02-05,2022-02-14,953666.0
255,34.42,Refunded,Not Returned,3,EZWRJYDZZMMQHDWCKLIOMEE,2022-02-09,2022-02-17,381570.0
256,34.42,Pending,Not Returned,1,KICRMYLIJMTTMZVIXJSFGOVSNPNYTBICFENORQ,2022-02-08,2022-02-10,103256.0
257,34.42,Pending,Not Returned,5,SWYIPZFHYCVEGWYAVUDZPNADJKGD,2022-02-08,2022-02-13,550364.0
258,34.42,Refunded,Returned,1,ZAQJEGYHBIDLZKELUDMV,2022-02-08,2022-02-13,429867.0
259,34.42,Refunded,Returned,3,RDDHYTFDDKINDMFMYCWG,2022-02-09,2022-02-11,822674.0
260,34.42,Refunded,Not Returned,4,KBEXVNMPWOCFICMMVGEZ,2022-02-10,2022-02-12,984784.0
261,34.42,Completed,Returned,5,HHVGSGWDJMDSJGECVVVBKJWMGJDVTPTFIMGRNVEVMXHOSIFW,2022-02-10,2022-02-16,0.0
262,34.42,Refunded,Returned,4,NWJIQMQSMIAAEHRDVAOTDYIVXZTJXOCBVEXAKLZCWPZN,2022-02-14,2022-02-17,934032.0
263,34.42,Completed,Returned,2,TZPUHQQGOIDHJOWRNEIMYSKLCBWVOEG,2022-02-14,2022-02-22,469813.0
264,34.42,Refunded,Not Returned,5,EYPOPYDFRCYVXEBWPFORFMX,2022-02-21,2022-02-26,925667.0
265,34.42,Pending,Not Returned,1,APDQRPAFKFQDNNTHVBEDJTXUCPJODAVO,2022-02-23,2022-03-01,650214.0
266,34.42,Pending,Returned,4,TVRPUIXSQJSHSEBOQJUUVBIBRLOUY,2022-02-25,2022-03-05,0.0
267,34.42,Refunded,Not Returned,2,FRMDLIBPADOTATOCMRMJTXGYHARLRXLTIBNDOQS,2022-03-02,2022-03-10,200221.0
268,34.42,Refunded,Not Returned,5,IQOERWDUXBSEZDESMPLIXPNVA,2022-03-11,2022-03-18,980917.0
269,34.42,Completed,Returned,2,WZUDIXSNVLDGQANOLLFZMPNGYPWIZNYXGLCNSKE,2022-03-15,2022-03-20,558598.0
270,34.42,Cancelled,Returned,1,MJGQPHQMKTREFTNLDGKTBDGAOTVXHYENRCBYVPNPKQ,2022-03-14,2022-03-22,0.0
271,34.42,Completed,Not Returned,5,WWECOWEVCFWNXBRFXENQKA,2022-03-18,2022-03-20,289725.0
272,34.42,Pending,Not Returned,2,ITLZAXRLBAAYAVLGDUTDZOAFNZNJG,2022-03-17,2022-03-23,112441.0
273,34.42,Refunded,Returned,3,XWVLXSICDMJNFHSJVEEEIWIOINFVTHBEQJNRAVBDMP,2022-03-19,2022-03-26,925210.0
274,34.42,Pending,Returned,5,WJQKEODGJWXDTZEEKSEUHGHM,2022-03-21,2022-03-27,112712.0
275,34.42,Cancelled,Returned,5,RXIBPNQFCQMFHYFPFQUCWLYF,2022-03-24,2022-03-30,0.0
276,34.42,Completed,Not Returned,5,GKIPEOUZDEGCDYOBXYEGVQHIJKAOHSLFJXEXGGWY,2022-03-22,2022-03-25,105269.0
277,34.42,Pending,Not Returned,5,VIOFPGOWBHLKFTMWPHQZMDTJYVTPQHKYEUZPXHUPD,2022-03-22,2022-03-29,548060.0
278,34.42,Completed,Returned,3,ZUHIMQIMIFJEGKXIYJKCHQGLP,2022-03-27,2022-04-02,385768.0
279,34.42,Refunded,Returned,1,UMRRXENKCQWLCWBDRTUNHBZSJEKIPZEONI,2022-03-29,2022-04-07,700365.0
280,34.42,Pending,Returned,3,ZEOIDUUDTUVGOVQRGSJMBVTKEFCACCVDGOKRLDX,2022-03-27,2022-04-01,0.0
281,34.42,Cancelled,Returned,3,FZSZROCQABSIHLOYWGUPGTULQKDSBB,2022-04-02,2022-04-05,131260.0
282,34.42,Completed,Not Returned,2,QXIVAJWOUOYWUBNDRIBBRQIHBBELPNTBXHDTITZYSBP,2022-04-01,2022-04-10,451967.0
283,34.42,Completed,Returned,4,HLCMBMHOXUIKVUCGNOITKGLSRMKAFU,2022-04-01,2022-04-10,0.0
284,34.42,Cancelled,Returned,4,MMSISWAWYHWZNXPDRNIOC,2022-04-03,2022-04-08,416062.0
285,34.42,Pending,Not Returned,2,DWRNOHJXLUIHQIMNEIYZZPSXWGLZBRRPKBNDGBUNGIHIGSQZW,2022-04-02,2022-04-09,451519.0
286,34.42,Pending,Returned,3,KVRQPJDDVKUYHIPJWICYBIMFDNKBZCEY,2022-04-04,2022-04-13,169640.0
287,34.42,Completed,Not Returned,2,KLKSMDNLBHVSMUUAEVZZKKMBSP,2022-04-03,2022-04-09,330877.0
288,34.42,Cancelled,Not Returned,5,ENSEUXZIXLPSOQOCQMIMPSNHVSYXCWURPNPXQTKMKDZNE,2022-04-06,2022-04-12,0.0
289,34.42,Completed,Not Returned,2,ANGJBJCUHJHNRIVIDCNNUPE,2022-04-08,2022-04-15,131199.0
290,34.42,Completed,Returned,2,WXOUIGMWHLDPZFEANIRFOPHSENGDUADNWPZGJJD,2022-04-06,2022-04-11,823719.0
291,34.42,Refunded,Not Returned,5,FMUAHWPEZZGZCXUBBTWJTIRFTFZYJYI,2022-04-08,2022-04-16,146487.0
292,34.42,Pending,Returned,4,CLKNYSJSEVIAOXDZGFOFGTVCUMBC,2022-04-12,2022-04-16,624355.0
293,34.42,Pending,Not Returned,5,IVSREJNUQCGIEDCZMIWGHJATUUASBLWM,2022-04-15,2022-04-21,781267.0
294,34.42,Refunded,Not Returned,1,ECXQANFQDFAIDIIVMWQUCZZFTONMIWOND,2022-04-14,2022-04-20,899021.0
295,34.42,Pending,Not Returned,2,KVBPSPGKLDPZPGYMEAEVNKBXRONYMBSHVQOTUNCQCMYRAGWE,2022-04-16,2022-04-24,667568.0
296,34.42,Pending,Returned,2,QUJDIUKZLLRDIHSXMBSNE,2022-04-20,2022-04-23,581812.0
297,34.42,Pending,Returned,4,ZJXQTPQAUVOQKVEDZUXIPLRVCORLMADHSUZUEKYXXQQBXZ,2022-04-17,2022-04-22,159951.0
298,34.42,Cancelled,Not Returned,3,DIBCFMOKJCTIYJUWYXWL,2022-04-22,2022-04-30,779688.0
299,34.42,Refunded,Returned,5,UUUQVEXHRKVJZOFSQWJEPLZUXEU,2022-04-21,2022-04-30,215451.0
300,34.42,Completed,Not Returned,3,BEWSOAKRCIXDXMICPVHZ,2022-04-23,2022-05-01,695396.0
301,34.42,Cancelled,Not Returned,1,YWQYPUVRPOBTDEGOQJTIPXCVIH,2022-04-23,2022-04-29,0.0
302,34.42,Completed,Not Returned,5,GQEGMRVNRCQSGUDOXHPAYPYBBHLKFSREOHFLSLLIXJ,2022-04-22,2022-04-27,272509.0
303,34.42,Refunded,Not Returned,1,QRPDRCPNXIFDBWJKGZYEZDZFBBPYWWMUGYZEYQMOC,2022-04-23,2022-04-26,809125.0
304,34.42,Refunded,Returned,1,DORCGHKYVZITLEANYYYCOJZJXCFEXSNQLIZYCRDNXF,2022-04-24,2022-04-29,899687.0
305,34.42,Refunded,Not Returned,1,OQXEFUZESNDEKBVBTLPQDNGOPHBSAWDZXUYVKJRAQPLPI,2022-05-01,2022-05-06,596559.0
306,34.42,Pending,Returned,5,CROOPTAADMDWHMXHNYAIZXAGYTMOIPQIFTLP,2022-05-03,2022-05-11,248479.0
307,34.42,Cancelled,Not Returned,5,UOGJDXCRAMVRHKJDYDDLHMHUCLROYNIEOHWCLEITCWHUMHE,2022-05-04,2022-05-07,770319.0
308,34.42,Refunded,Not Returned,4,GEIEHLDIVVNSMCDAVAKPDGLFXTIZHNOUVEOFATIDBFBC,2022-05-04,2022-05-10,220526.0
309,34.42,Completed,Not Returned,2,TQIVISEYFRAYQNOEQUUWWKJQYA,2022-05-05,2022-05-14,830980.0
310,34.42,Pending,Not Returned,3,PGLHRATLDZLVAACULVUMMUIR,2022-05-09,2022-05-14,580712.0
311,34.42,Pending,Not Returned,3,AFYWXEZDFCQKDYTADWCJVADSAPSTUVRBFUASEBAPYUBZDCW,2022-05-09,2022-05-13,325726.0
312,34.42,Cancelled,Returned,1,OJLLTGJETTKBXPLPDBYJMWSOWAQTDTIFCVBR,2022-05-10,2022-05-16,727330.0
313,34.42,Cancelled,Returned,5,SGCRTTSIPFULFMXEMTGLUDEPDHPHQNLCTBMUKXLRIG,2022-05-15,2022-05-23,348186.0
314,34.42,Cancelled,Not Returned,5,XNRNETXMALSJXETFLUCNUDQQN,2022-05-14,2022-05-17,0.0
315,34.42,Pending,Returned,1,GDQFKLOLKQHLIKCGUCUPJWGYXTOUUJLRWW,2022-05-15,2022-05-17,842022.0
316,34.42,Refunded,Returned,2,IDEGZGKJKXXRLYPDQQUWEMCWQKAR,2022-05-17,2022-05-24,358063.0
317,34.42,Completed,Not Returned,3,ITGEPGMMOWQQSJBNWCGYKQOSKOOFOIESXEVM,2022-05-20,2022-05-24,317691.0
318,34.42,Refunded,Not Returned,4,TQONPDQTNRFVHIXAMCFQHFPAJRVZNXEQNZRDT,2022-05-22,2022-05-28,543769.0
319,34.42,Completed,Not Returned,2,BGGGMSVFTQYRYXAWMZSPJMJNIUKCHLCGNGGNLAEKAW,2022-05-22,2022-05-29,236930.0
320,34.42,Refunded,Not Returned,5,XWQCJSGTCVLZVJULOFSZEYTBUSSDTEGD,2022-05-20,2022-05-23,608558.0
321,34.42,Cancelled,Returned,1,WYCETOYUZRPPJAWKQXOYGYZFOOGCNI,2022-05-21,2022-05-25,797094.0
322,34.42,Completed,Returned,3,FTIAILDZPEQQFZOAMPBSWB,2022-05-26,2022-06-01,0.0
323,34.42,Pending,Returned,1,YLLZHLXKBAYZDIGVZYJTNAEMFVQOGHUBRUWGTPSI,2022-05-27,2022-06-03,0.0
324,34.42,Completed,Returned,5,NGBQKRLCUNOSJIJTWDSJQLYAKMAAUPG,2022-05-29,2022-06-07,499838.0
325,34.42,Pending,Not Returned,1,JPAVIFODOJYPMSZTDTVPKOKWYKCXXQEMJELHXLPBCR,2022-05-27,2022-05-29,957479.0
326,34.42,Refunded,Not Returned,3,BZVLQFQBHNFIAEGINIDTODCXUWZVNISFCRPC,2022-05-29,2022-06-04,284047.0
327,34.42,Cancelled,Not Returned,1,BZWJOCHRKGSYGYBFENRDD,2022-05-31,2022-06-09,504663.0
328,34.42,Completed,Not Returned,3,MWUYATEXCUSMGJCWBGIULVJSMJEOUCHFSQJAMJLBJUW,2022-05-30,2022-06-01,603781.0
329,34.42,Pending,Returned,1,ATZOVYAZUIXGPPMJRILX,2022-06-01,2022-06-03,926831.0
330,34.42,Refunded,Returned,1,KOJJIYYCWPLQYOYCEMXFZZISGMVEPDET,2022-06-02,2022-06-07,608288.0
331,34.42,Cancelled,Not Returned,3,WFDYAQIPWBKZEMTQYOVLFTMRXOOHSWNGNEOUOX,2022-06-03,2022-06-11,361778.0
332,34.42,Cancelled,Returned,1,AQYTAPMRJWRQZINUMTTNKMQ,2022-06-06,2022-06-09,671922.0
333,34.42,Cancelled,Returned,2,AUEYMXEEWLBWPQELOFMKZQ,2022-06-08,2022-06-13,676598.0
334,34.42,Refunded,Not Returned,4,YPQTXRMKMXZMLNMYINAIDLXNICFC,2022-06-07,2022-06-09,114083.0
335,34.42,Refunded,Returned,2,ZVUCNTBLZJMTDSVAYKZP,2022-06-10,2022-06-13,0.0
336,34.42,Refunded,Not Returned,4,SLCWXRQEPXNSFCFLTKGZAPPQOUIETHUAGKTZUM,2022-06-10,2022-06-13,144235.0
337,34.42,Cancelled,Returned,2,MGKRALCZADFEKTWMKFSYOUMJAMFUZXTLQRXZHNEVB,2022-06-12,2022-06-15,421558.0
338,34.42,Completed,Returned,4,YVYKZCVZPUPIMJQYUQJHGNVRUSRNJAIRMQWYVPXKWIGVAI,2022-06-14,2022-06-18,725335.0
339,34.42,Pending,Not Returned,1,PURNKXDSMAUSOTOYKWEXVJRGACAQO,2022-06-12,2022-06-18,486666.0
340,34.42,Refunded,Not Returned,3,VPLSNCSAUAZJCMFKFCPIHCEU,2022-06-20,2022-06-22,0.0
341,34.42,Completed,Not Returned,3,ESEUTTBYGAURJFGLRKVSYDSMSBIHUNIMR,2022-06-22,2022-06-25,163057.0
342,34.42,Pending,Returned,5,WVCJJJILXHXIQHRTQFJAUYAIT,2022-06-24,2022-07-01,836735.0
343,34.42,Cancelled,Not Returned,4,XFGIEPBCCTZWJVCONWDJKK,2022-06-23,2022-06-27,374354.0
344,34.42,Completed,Returned,5,WWIHLQWOSTFEHRUUOCNZOMUTUZI,2022-06-25,2022-06-29,743920.0
345,34.42,Cancelled,Not Returned,5,QSYDTJVCSIENGUFXHBYZNVGCTVWFUNLRLGELIKDNZL,2022-06-26,2022-07-03,730942.0
346,34.42,Pending,Returned,4,GWAMPESYIWILRZXZJZQSXKPHZXOKGBSIRMWAS,2022-06-27,2022-06-29,769603.0
347,34.42,Refunded,Not Returned,3,NQVTAETNZZRMWLOXDICVKOPGGVIQMIIT,2022-06-29,2022-07-04,795286.0
348,34.42,Cancelled,Not Returned,4,LUSWORHYFYFCZCBETLFPEFDNCQEVUUFTDMHKXSWEECBCOGCO,2022-07-04,2022-07-08,511609.0
349,34.42,Completed,Returned,1,PMBTLUGANXJCKVTUZOFRMOCOXXAJXR,2022-07-01,2022-07-03,786347.0
350,34.42,Refunded,Returned,5,ZHLZEAHEQODMQMYZBXDYBLSRJEKACQZONXOPDSXYHFPCH,2022-07-05,2022-07-09,743704.0
351,34.42,Completed,Not Returned,5,EELYAGXKJCHAHWTKGZPGMJQCGKMEYWSOAEMJEWAJRVHTCSSB,2022-07-04,2022-07-06,858787.0
352,34.42,Pending,Returned,4,PUJUPETCCBUDVRBXFCUCBCQNGVUFHSSLEENQ,2022-07-07,2022-07-10,451003.0
353,34.42,Pending,Not Returned,5,DYHCUEWXYGRXHKNRMFMZAKGJBPEPWZPOIAI,2022-07-07,2022-07-15,156549.0
354,34.42,Refunded,Returned,3,EFHOPRLWDYVPWKVXVGXOQOJDVQDVWV,2022-07-15,2022-07-20,423360.0
355,34.42,Completed,Returned,5,DLWJNRFEBYMWNCWKVWDMZHHWMWJMMX,2022-07-14,2022-07-21,523396.0
356,34.42,Completed,Not Returned,4,FBQLZWFEEYIVCWTEGLGJHQEOIWKMRQXIJEKV,2022-07-18,2022-07-22,637929.0
357,34.42,Completed,Not Returned,3,BUTXXNEXFZVODJSIUZJDVDFZHPHPFQASRQ,2022-07-18,2022-07-25,109421.0
358,34.42,Completed,Returned,3,LLFGHCQUHKTRPYMISGQHHCPLOUDWGKXEMKEH,2022-07-20,2022-07-29,869028.0
359,34.42,Pending,Returned,5,QKSRJEXYYAQQAYAWVIYDINOPPMNVUIWIUDJCUISP,2022-07-19,2022-07-23,136617.0
360,34.42,Completed,Returned,4,QRJUSVOOKHVPJIOVETBVPRPEASJUMWXWWKO,2022-07-19,2022-07-23,373560.0
361,34.42,Pending,Returned,5,FUKOILZDWXNVCUQMHLLLB,2022-07-20,2022-07-28,789576.0
362,34.42,Completed,Not Returned,1,JWIADWNPYRBFCTSMQNVKPKRBWUHNBMJHGMZXSXOVBVESAGRA,2022-07-22,2022-07-28,658060.0
363,34.42,Completed,Not Returned,1,GQYFTLTOMLUBURDJKUFF,2022-07-23,2022-07-29,287408.0
364,34.42,Cancelled,Returned,3,TMEFDFRMWCJDYOLOUYZZJLZVHUUC,2022-07-24,2022-08-01,961938.0
365,34.42,Cancelled,Not Returned,5,RCOBOMXTJXXXXHPYPBIHKZAUKR,2022-07-27,2022-08-03,313203.0
366,34.42,Completed,Returned,1,UOXIIAGLXJSPFKSYSRYOPNHHBFMMULBUTYLQFGFUDUIEJ,2022-07-28,2022-07-31,0.0
367,34.42,Pending,Returned,2,HWDZEGFMSJOCRNCKJQMYBMSEPJLTMUPVUZ,2022-08-01,2022-08-05,193472.0
368,34.42,Completed,Returned,1,VIPSORVLNCDFPMLVLBMC,2022-07-31,2022-08-09,108369.0
369,34.42,Cancelled,Not Returned,5,YBSITAMBOSYYPKOFNFSEKDZZIIQHOIED,2022-08-05,2022-08-10,996670.0
370,34.42,Completed,Returned,5,TRIUCVIIUXDUGGWHUAIYWLFMEUSZAVXRHXZHZOSJXPKLP,2022-08-04,2022-08-13,196132.0
371,34.42,Cancelled,Not Returned,1,TCIHJMRMMOMPHSJLNFUXIGFVAUNXFLQEKEL,2022-08-07,2022-08-13,210765.0
372,34.42,Completed,Not Returned,5,XIFVBZBVLHBIPYONTDDKUX,2022-08-13,2022-08-15,974460.0
373,34.42,Refunded,Returned,5,EBOKXQPOWCTOXSMPWLQPIFSWMUXHLIVDMBCEX,2022-08-14,2022-08-16,473490.0
374,34.42,Completed,Not Returned,2,ZRUNYBOHPCXTTWEDWLSOYMELSBGWETKRRGJWTNTTKBMMIQO,2022-08-19,2022-08-21,928014.0
375,34.42,Pending,Returned,3,VZWUVVPYJTLETQJFUTFLUSBMVTKOMZCNHIOWRHKEOOZ,2022-08-20,2022-08-23,0.0
376,34.42,Cancelled,Returned,5,URLLDKUFUJOAQCYKRJUIGKHBEI,2022-08-20,2022-08-28,173731.0
377,34.42,Refunded,Not Returned,4,QJHRYJIDBSJQCUSSZVSS,2022-08-28,2022-09-01,113178.0
378,34.42,Cancelled,Returned,3,YRQJXNSWRKKLHPYXHXNWRXUVDQMECITZRT,2022-08-30,2022-09-03,886449.0
379,34.42,Cancelled,Not Returned,3,SUPAEXOZLYANRRFAQROLMTBDCSYHLLJYAETKIN,2022-09-01,2022-09-08,287386.0
380,34.42,Pending,Not Returned,4,EXZUIRFUYGPHWJZEKUMTBN,2022-09-01,2022-09-10,661383.0
381,34.42,Completed,Not Returned,1,JJJZSKKCSXVALONCTMRPFJQQHDOA,2022-09-03,2022-09-12,298433.0
382,34.42,Pending,Returned,2,YJGAQLQOXPWNCSLSRNTWICZWLT,2022-09-06,2022-09-12,648911.0
383,34.42,Completed,Not Returned,5,EHSZDOSOZNPXJXNTKBSCDKMRRSLAXFCQCACD,2022-09-07,2022-09-09,0.0
384,34.42,Refunded,Returned,1,GWYHMDFKAHVBHTIDQGJEJLUTF,2022-09-06,2022-09-09,876461.0
385,34.42,Pending,Returned,4,CGKXLIADBBQUBDYKSXZM,2022-09-12,2022-09-19,905977.0
386,34.42,Pending,Not Returned,2,ZURSXOLYKWAPMFWFJBYCFPFXMDOFAILYWKMASUDEW,2022-09-17,2022-09-22,659103.0
387,34.42,Cancelled,Not Returned,2,QESCKBVNFSAGBXSAZIUQJFZCTXOUVZTFCJLAVPQJLSHW,2022-09-20,2022-09-24,632054.0
388,34.42,Pending,Returned,2,JJRJGDAKSEZHBBXNIJMANBDSADK,2022-09-18,2022-09-22,518080.0
389,34.42,Completed,Not Returned,4,RJEANPXZRCCDGMICQOJOAVUJGGCGIHCZ,2022-09-18,2022-09-21,0.0
390,34.42,Pending,Not Returned,1,MMHRGJJWKLMHQXNQSPITJIAX,2022-09-20,2022-09-27,649033.0
391,34.42,Pending,Not Returned,5,KGRMWWYRPXPUJIHSCZXIBS,2022-09-19,2022-09-26,938527.0
392,34.42,Refunded,Returned,2,HRHEFJODCXIPPOXIQULWHNRLNTWEAMNBPEVALSVVWJLSPQMGC,2022-09-21,2022-09-27,378175.0
393,34.42,Completed,Not Returned,2,DOQLWNDQKFDMTORQSJELYOWD,2022-09-22,2022-09-30,0.0
394,34.42,Cancelled,Returned,1,TVQFPZENBQFKBYYAEHDSEEXPVRK,2022-09-29,2022-10-02,194306.0
395,34.42,Completed,Returned,2,CRDSIEDPJIPTVZQROTIFFKYTCWLOGYVRVOHV,2022-09-28,2022-10-05,153930.0
396,34.42,Refunded,Not Returned,2,OPTCECBBDCIWVZLXISLPZWYAJYWJ,2022-09-30,2022-10-06,992381.0
397,34.42,Completed,Not Returned,4,DKVKKVFOBUWVCEXKULZCICBFXFQHAYHVORMYHTRMNOFAGAOFE,2022-09-29,2022-10-06,315182.0
398,34.42,Completed,Returned,3,ZCVTNFDOQEXFJIDZIHCVTAYTECDYWXS,2022-09-29,2022-10-03,419793.0
399,34.42,Pending,Returned,1,SPWHNEASECQGQZMVVNWLKACLIBNECLLUGA,2022-09-29,2022-10-05,794643.0
400,34.42,Pending,Not Returned,1,KMVWJSDVEKIMQOMUKAHWEV,2022-10-05,2022-10-12,603538.0
401,34.42,Completed,Returned,1,DYSRWBMPVHSCSQIUYUWQYADWOLYQLPMKOPF,2022-10-04,2022-10-12,507110.0
402,34.42,Completed,Not Returned,4,ZKOECZBAOBTFLUPNDHLWNTZMELJUSMIKEMJROTLDEHEARS,2022-10-05,2022-10-13,551134.0
403,34.42,Cancelled,Returned,4,JVIZAVYTZCMFFREQYYCECWMOQOEVNKNGCWTJKF,2022-10-06,2022-10-12,491749.0
404,34.42,Refunded,Not Returned,5,TVMLSSUEYTUIDOCWGXTTNNIZ,2022-10-07,2022-10-15,475176.0
405,34.42,Pending,Returned,4,CIUDQYFPRMGCFXCLEVQJGDJGWKUHHEEGVDBXSBPLOJ,2022-10-10,2022-10-16,525612.0
406,34.42,Pending,Not Returned,1,ZFXMFWBZNRFYSZNMHEMFVZSKPELQBJOSTYQSSMMPVU,2022-10-12,2022-10-20,908039.0
407,34.42,Pending,Not Returned,5,DGCIHRUNTECJKQHIHTBDPI,2022-10-11,2022-10-18,535345.0
408,34.42,Pending,Returned,3,IUEZCNOFPWJNLIWSLMWMQBTWIUHGESCMFZKDCDCMOLOZK,2022-10-13,2022-10-19,570690.0
409,34.42,Completed,Not Returned,2,MLFWTSSCPINCCXTGSXCUALUFGBRYOO,2022-10-11,2022-10-19,460448.0
410,34.42,Completed,Returned,2,QRROZWFIKOWCSAXQKRKGALDYHOKHL,2022-10-15,2022-10-17,270711.0
411,34.42,Cancelled,Returned,5,UDLHWWJZWAMGTCPLERHLYU,2022-10-17,2022-10-25,563996.0
412,34.42,Pending,Returned,3,PJWQJCYBNIQDZVOMWSIDUH,2022-10-19,2022-10-21,587793.0
413,34.42,Pending,Returned,2,ONCXQHNMOKOLZXVUIVOALFAVSVMFQMIHORBUZBKARUZGUQP,2022-10-18,2022-10-25,631491.0
414,34.42,Completed,Not Returned,5,VGBENHLGFMVLQPAGCFUCVCHNWI,2022-10-22,2022-10-24,853359.0
415,34.42,Cancelled,Returned,4,OQJHRFQVDUOJWMVAYVVIZEKV,2022-10-22,2022-10-24,842353.0
416,34.42,Completed,Returned,1,WYUUDZTPXRZHBQJMOIHFDRXCZDUMTKHYNNPNABTAK,2022-10-20,2022-10-23,865694.0
417,34.42,Pending,Returned,3,OLEWLVNNSECYRFIZGURBTJLBM,2022-10-24,2022-11-01,635490.0
418,34.42,Pending,Not Returned,2,HZWGCWHUAOALKPDBWCDYRLXACDFQHRPUFXSYUHDIHUSAUUDJ,2022-10-25,2022-10-30,869837.0
419,34.42,Refunded,Returned,1,HCLZICDFIZBBRUVCCRFAYOKJDNBMPLVESCUTUBQUKASHK,2022-10-24,2022-10-31,675977.0
420,34.42,Refunded,Not Returned,5,YQTFGUMGKJHJVKTQKPEJZZTETIC,2022-10-28,2022-11-03,186780.0
421,34.42,Refunded,Not Returned,2,JGBYHLVIKSTWQMAAHMFCPJ,2022-10-29,2022-11-01,645956.0
422,34.42,Cancelled,Returned,1,VUCNPDMAYERLKIGNXCPGAFZFJL,2022-10-29,2022-11-05,481895.0
423,34.42,Completed,Not Returned,4,SFNCJIWTSVOISHVDESNRYSFEZKXEHEKZMFERZJPVN,2022-10-31,2022-11-02,552729.0
424,34.42,Pending,Returned,3,OCCLWOKJTORYNYFNPBSEKKUYZSRZHWLICFUUZXAQCR,2022-10-30,2022-11-05,676081.0
425,34.42,Pending,Not Returned,5,BDAJYEEINUMMXAQTHCQLYYYYRNKPDRGKPPCYW,2022-10-31,2022-11-05,505501.0
426,34.42,Cancelled,Not Returned,2,IHGYQKDDEHJQFIJHORWERABJFXSUKRPHDKJPLVCKXPX,2022-11-05,2022-11-12,689724.0
427,34.42,Pending,Returned,4,YJUPZYGOOJCFZRVEPMCOWT,2022-11-05,2022-11-11,258692.0
428,34.42,Pending,Not Returned,3,FYVDOZRITDPREMFZVSLOIGNSTPWXVDLRZHQYXCZDJPTBLP,2022-11-08,2022-11-16,118219.0
429,34.42,Completed,Returned,3,JELCLABKLGAMMBJWAGMXBTGQVEKVXKKQSYHTNJYGBQAMSN,2022-11-10,2022-11-18,355836.0
430,34.42,Refunded,Not Returned,4,RTNONXEPEVMPOEUWFMPJBMQADRFLYZZXTMBQWJSVEULRI,2022-11-10,2022-11-14,771555.0
431,34.42,Refunded,Returned,2,DJABIWZRPWNDZBLTEDOCVQHLUHZTTE,2022-11-09,2022-11-13,760555.0
432,34.42,Cancelled,Returned,3,FEUHVRDDEOFUPNNPVXDKSYSHJEPYCZJXMGLWNJIL,2022-11-14,2022-11-21,878572.0
433,34.42,Refunded,Returned,5,CMFFUSYGDVEARQIIUXJTQMDWRRVICGZOIIDRQVUFGYJ,2022-11-17,2022-11-20,686637.0
434,34.42,Refunded,Returned,1,FFSHIAPFWHOLJPOKXGHKIZGOOPCPO,2022-11-14,2022-11-19,906733.0
435,34.42,Cancelled,Not Returned,5,ANXVKCIFWPKRQQCSXWOJHQDHZBWHYGIRQALDQGXCASBF,2022-11-19,2022-11-22,562514.0
436,34.42,Cancelled,Returned,3,WYUDAKPFKHTANUZUBFZINVHZCJRTII,2022-11-17,2022-11-23,704873.0
437,34.42,Refunded,Returned,1,MAQDDPPOZFEVJGGJJYOFXBHYTOUUREYDJSNWXM,2022-11-17,2022-11-22,600488.0
438,34.42,Completed,Returned,4,JVFMUKVYOBZOSQTRFOQXZVILVZWENXHZYVQICYGLCINWWWRK,2022-11-18,2022-11-25,519287.0
439,34.42,Cancelled,Returned,1,ZHRMDJHLSLVBXHMACBWWTHC,2022-11-20,2022-11-23,411665.0
440,34.42,Pending,Not Returned,1,YUOBYQXFADSGWVNZNJXGPDGOQCPBGYPUILXANKRVEOGYNTHDC,2022-11-19,2022-11-25,909296.0
441,34.42,Cancelled,Returned,1,RXOKXKLSQFUHOVTZJOLKRXELXEVJNPE,2022-11-20,2022-11-22,280804.0
442,34.42,Pending,Not Returned,3,SZHSTVRWULZMUUROOLZISLWEZZUTJV,2022-11-20,2022-11-26,721473.0
443,34.42,Cancelled,Returned,2,WKHUGPPNOTIPPECUYMHQEFZBVN,2022-11-24,2022-12-02,552201.0
444,34.42,Cancelled,Returned,3,DCIRLIZRMNJCGRPQYFYLSCZCRKFSEMEZCSQVCOQMNZPY,2022-11-25,2022-11-28,0.0
445,34.42,Refunded,Returned,2,QEUORPNNMAFWKKYPXZCYQVNZBZYIHK,2022-11-24,2022-12-01,658618.0
446,34.42,Refunded,Returned,4,VBDZWNMVYMMELFZVNHXVHGQUKZ,2022-11-23,2022-11-30,244295.0
447,34.42,Refunded,Returned,4,MJUZNIGGZRPHPSOYOFIOYGZHRUPOC,2022-11-24,2022-11-29,986789.0
448,34.42,Completed,Returned,4,MVLIBIHYEMBJZFGCNPFV,2022-12-02,2022-12-11,601556.0
449,34.42,Refunded,Not Returned,4,ATOQXRXCXFQWMWVQUPQAPFHABOE,2022-11-30,2022-12-05,482340.0
450,34.42,Refunded,Not Returned,4,TOUJECFUORNJDKTGOWIOZLRFRYRVXFOSEDQUJLEGLWB,2022-12-02,2022-12-11,174165.0
451,34.42,Cancelled,Returned,5,TQMEETZLLGFJSPBDIZEAKSYWCADIPGEMKNVQWLUWUUSEXHBQB,2022-12-03,2022-12-12,217876.0
452,34.42,Cancelled,Returned,3,WCXTZZXROEVQNANIEDACTKPKUJLEJXMSGPFJJZKVJYNOGM,2022-12-04,2022-12-06,921190.0
453,34.42,Completed,Returned,2,GKNQPAIIJSOPKXYQSMFOPDHYGQPBQY,2022-12-02,2022-12-11,611651.0
454,34.42,Pending,Not Returned,4,ZNHEEEECFAHMTFRRPHQHOZJ,2022-12-02,2022-12-05,348822.0
455,34.42,Cancelled,Returned,5,IQTYAINXEFEDPPJNMDNZ,2022-12-06,2022-12-14,162560.0
456,34.42,Cancelled,Not Returned,5,XICJOXSBBIDEBYGSFWPNLFZZVMOXNHUTKUILZFSCAOO,2022-12-06,2022-12-13,595487.0
457,34.42,Pending,Not Returned,5,VXKYWAWJYTKGYQLZYDLXCRLX,2022-12-11,2022-12-18,332757.0
458,34.42,Completed,Not Returned,3,SMPHFJYJFHRQZJBLTJIPGIYYXFJGRKAUXSWEZXFVGWD,2022-12-12,2022-12-14,794433.0
459,34.42,Cancelled,Not Returned,4,PJZOMHVMXGQDGPYBUYYVWYNNZHZFVGGBYDMJIOLJSUEGT,2022-12-12,2022-12-16,153810.0
460,34.42,Refunded,Not Returned,5,PMDPMAVDOZZUYPDQKYEZMLWCDJIJMA,2022-12-18,2022-12-25,0.0
461,34.42,Completed,Returned,5,KUHZWNNTWQVYSTXUUQFNRQFEMPUILJZ,2022-12-17,2022-12-23,181728.0
462,34.42,Pending,Not Returned,4,SPQPNPXOLEKEXXKBSZZQSLTWYELPABJB,2022-12-19,2022-12-23,646557.0
463,34.42,Pending,Not Returned,3,JWRAELQYSRMVCUJNHJBMEKXAZJMDUJLNCBSKUGRNGVGW,2022-12-19,2022-12-23,254964.0
464,34.42,Refunded,Returned,5,WLFZXGVDPGHHTZYCISMGTUOSBLHW,2022-12-19,2022-12-21,965804.0
465,34.42,Refunded,Returned,2,HMAXJUXIBSVYNJJHNMFUMCTMWWSPDCOORVGTEHYWJA,2022-12-21,2022-12-30,145575.0
466,34.42,Refunded,Not Returned,1,CUCOQRHWMJCTNMCMTXYWIYPWWHLZLS,2022-12-22,2022-12-24,480331.0
467,34.42,Completed,Returned,1,QOVRGMSPKZEZBAPEYYGIDSTOGXREUYMCFZLURRDTWNN,2022-12-22,2022-12-28,127037.0
468,34.42,Pending,Returned,1,KVIREJOJPDDHFWKYMSKB,2022-12-29,2023-01-07,629671.0
469,34.42,Refunded,Returned,3,OXMYJEXKWNYTOMZCIHOWAB,2022-12-30,2023-01-01,0.0
470,34.42,Refunded,Not Returned,5,UQIAHEKFQRWREYESMVGZNZHCDJDR,2022-12-28,2022-12-30,136186.0
471,34.42,Pending,Not Returned,1,LTTOMLHVVITIQYAWFGIJDPLICZIQNEZUAACIWFIDTS,2023-01-01,2023-01-03,525814.0
472,34.42,Cancelled,Returned,1,ENJWPWFTWNRIGRJBMFWITHJP,2022-12-30,2023-01-06,159127.0
473,34.42,Completed,Returned,4,MRFTXIRGWXEKMCADSRFWJGLHMRNKJFMVJL,2023-01-01,2023-01-03,639086.0
474,34.42,Cancelled,Not Returned,5,RMYXDFREREGWICLTYNHL,2023-01-01,2023-01-03,600733.0
475,34.42,Refunded,Not Returned,5,XILDEIGNTVQAYOXOAOBDQPRUPH,2023-01-01,2023-01-09,810580.0
476,34.42,Completed,Returned,4,VTBSMVVUFFMAVUXIVLLZDSPZL,2023-01-04,2023-01-08,153446.0
477,34.42,Cancelled,Not Returned,5,WUDIGJMHTJJHTOAOXQML,2023-01-03,2023-01-07,641771.0
478,34.42,Pending,Not Returned,2,WSXECUEXIFPJPCRKSYWOKY,2023-01-03,2023-01-09,808465.0
479,34.42,Refunded,Returned,3,VXJICWIRLWUXPDAMZHFHSXXLADWMQSSVEKGCKQKOSHPUOCXF,2023-01-06,2023-01-11,249923.0
480,34.42,Completed,Returned,4,EAVNLMNYLWMXFUOVWPIHEO,2023-01-08,2023-01-14,219653.0
481,34.42,Completed,Not Returned,1,XQPXKGKBBFCAXWTPNQRYDCHDWO,2023-01-09,2023-01-16,713738.0
482,34.42,Completed,Not Returned,5,NNEEVMDRFECTCCTBTZRJXZUGTZVNJTPF,2023-01-12,2023-01-19,750845.0
483,34.42,Completed,Not Returned,2,FVRJJIVOKGRBBZMKYSTAQTRHMDSCFFVFXHYQ,2023-01-11,2023-01-18,949737.0
484,34.42,Refunded,Returned,2,XESKJCVXJBIEUQFKEGGDUJXRANFKN,2023-01-12,2023-01-15,242781.0
485,34.42,Refunded,Returned,3,ZCPPGHDLLJLKKOFKBXVIKPMMVVRUYATJZSQAAQO,2023-01-12,2023-01-18,675890.0
486,34.42,Pending,Returned,2,BKUBTISBPTITUDXMOTBTRYXITACWQKXYHULKMOYTYQLSTKJQ,2023-01-15,2023-01-23,351921.0
487,34.42,Pending,Returned,5,VMPTTQEIVXDIPGNNGXPRFGSHAQZSVGRFUFAJWHGIAZYKCRF,2023-01-16,2023-01-22,273739.0
488,34.42,Pending,Not Returned,5,ETDHJCMQEHSRADRNXKZIMZQOBFZGBX,2023-01-21,2023-01-23,307216.0
489,34.42,Cancelled,Returned,2,JPIHYOVGVWSDISBGVSFOGFANAYFRQBHU,2023-01-20,2023-01-22,266547.0
490,34.42,Pending,Returned,5,WBPDBWEQBVNTGORMLBLFXAUAOPVGVNYSXSWMULALDO,2023-01-20,2023-01-22,479393.0
491,34.42,Refunded,Not Returned,5,POHSORKIAIWLBKUNBOUWURNULJNVOEBVFLBDGPAANKLK,2023-01-24,2023-01-29,296637.0
492,34.42,Cancelled,Returned,1,WLULJHTSGNDAHEHHUXGSDWTFL,2023-01-24,2023-02-01,0.0
493,34.42,Refunded,Not Returned,4,LRCJGCSMDJFAFHOHVFSNBGHJMVUTAIJTBTKER,2023-01-24,2023-02-01,0.0
494,34.42,Cancelled,Returned,5,CPOHTECEIPNRGOZHCKTZROJYCO,2023-01-26,2023-02-02,144281.0
495,34.42,Pending,Not Returned,5,WFKKSWCMVHUKKMCFXJSLNKUYZJCMRMXNNGLYDPSJPEPA,2023-01-24,2023-01-26,375946.0
496,34.42,Pending,Not Returned,3,MMCQSEEOJLXKAWUCDSXTCRCG,2023-01-25,2023-01-28,0.0
497,34.42,Pending,Not Returned,4,ZUXASRBLQUUCLYLFJVZFNBKOZZHVMSJIRGCLOVUMF,2023-01-25,2023-02-02,288714.0
498,34.42,Cancelled,Returned,4,NCPRXQRJQPUXBTDKGQYSFJUDYYA,2023-02-02,2023-02-06,339114.0
499,34.42,Refunded,Not Returned,4,ZYUPQXEVWJGMGOQWCEJEXGGVWN,2023-01-30,2023-02-02,0.0
500,34.42,Completed,Returned,2,OEEDTUZILPVHILTGUDWCAGIBGJBMCMJLZCTFCYBWVN,2023-01-31,2023-02-08,164786.0
501,34.42,Refunded,Returned,1,RSVJTQQSXDKQXJVQLJJFQZZSBDRUDFNGLB,2023-02-03,2023-02-11,317474.0
502,34.42,Pending,Returned,1,XMMYEGLYNAXJZYIJGPLLZSMURZCZGACUNDSVF,2023-02-03,2023-02-08,310435.0
503,34.42,Cancelled,Returned,3,IKVOIKZJBVNDBENOSFONHTLDUFKWVGYDZOAIWTZ,2023-02-05,2023-02-07,496770.0
504,34.42,Cancelled,Returned,4,LGRAIGNZAMTOEENNNEKSEDOUGEO,2023-02-06,2023-02-12,975374.0
505,34.42,Pending,Returned,4,NXXCELTNEXDUPGCVYDTVFCACXHPVGRICRPUAUZTPLFUIUMXLM,2023-02-07,2023-02-15,154949.0
506,34.42,Cancelled,Not Returned,5,SSSFPGGWSPQVSPPSOCOYPTESJMOLQODOQKWWO,2023-02-06,2023-02-10,569704.0
507,34.42,Pending,Not Returned,2,UZGMVMTTBJRTETSBDPUPQOMAVETALWODSPWRZQK,2023-02-07,2023-02-16,110695.0
508,34.42,Refunded,Returned,2,MXVIQQEVHCFCHLDBYJOMXOVSRMTTAYPZHWFCTPB,2023-02-04,2023-02-11,0.0
509,34.42,Cancelled,Returned,3,BOJAVTOXAYVPRXEUEWWJWLJBXAPRGDJJYKYCNMSYJO,2023-02-09,2023-02-18,588039.0
510,34.42,Completed,Returned,1,HQFGNHLRNADQRSDFHYOTAEPUYFUJJEHAEAGOWZXNWIHHCZT,2023-02-08,2023-02-13,0.0
511,34.42,Cancelled,Returned,4,QFBINAQKZFASPZRKIUFBHVP,2023-02-10,2023-02-13,735940.0
512,34.42,Pending,Returned,3,HHNAGBOXRDRWEPMIEHRCFKWNZXSGXJOFTFPISREPGSETKW,2023-02-11,2023-02-19,226175.0
513,34.42,Completed,Not Returned,2,GRCEWMPVLGVMAOULQWTEQXOTSADCHILEIAWKG,2023-02-13,2023-02-15,0.0
514,34.42,Pending,Not Returned,2,TYNCKQRSRFOGEEGVLHYRRQWKOTYFLWGHDCCJXOMSH,2023-02-13,2023-02-18,925402.0
515,34.42,Cancelled,Returned,2,EUGEYSYQSDVZXGXVFNVSZTKVGCTVQKOGOQKLM,2023-02-13,2023-02-18,307723.0
516,34.42,Completed,Returned,4,KKYZIKYDBWDNEQLZFLOWSJBLLZGARCTETOJSAGZVRBSXX,2023-02-16,2023-02-22,0.0
517,34.42,Completed,Not Returned,4,OJZJLHWNBQFHACOQZYGNXYCZRVETV,2023-02-17,2023-02-26,167944.0
518,34.42,Cancelled,Returned,4,FCRYXTVCHSROWNPCYOSHBYQLSKRMNLOWUH,2023-02-18,2023-02-25,504241.0
519,34.42,Completed,Returned,5,HWEBJWJDDHFYORUVHTGWT,2023-02-17,2023-02-23,499384.0
520,34.42,Refunded,Returned,1,SBLSELQEBDFIZVJKBXUYZITQIYHEEZFPAIUG,2023-02-23,2023-03-01,380457.0
521,34.42,Completed,Not Returned,2,OXESFWNTYNKDJBYDTJANRLSWLYEDMR,2023-02-27,2023-03-06,249956.0
522,34.42,Completed,Not Returned,2,LPWFGXIJEUDKSGMMUWRYYIMMEZLYARZUUVXQJITHOMUQIXUKD,2023-02-28,2023-03-03,910190.0
523,34.42,Refunded,Returned,5,YGTWVCJCANMEHLFXWBXDEKMHUEFOWYPKGFLZDNKZLBK,2023-02-27,2023-03-05,323256.0
524,34.42,Pending,Not Returned,2,KIZUPELCPSQKUSRIMZFCWLIIOAROHKQN,2023-03-05,2023-03-12,764659.0
525,34.42,Pending,Not Returned,2,WXEBOSYPMZGQSYGLMMNOBFIOTPZBCWTWUHHUGK,2023-03-03,2023-03-08,249751.0
526,34.42,Refunded,Returned,4,MHIPEWNAXSQVNMHCASOUHIMLITXKESURKKFAVUIGF,2023-03-04,2023-03-12,172951.0
527,34.42,Completed,Not Returned,4,WJEAOYETFEQRDXUWBHEDYVNDHCNZRWLOTTZIBAOWOHCBDR,2023-03-04,2023-03-09,565970.0
528,34.42,Cancelled,Not Returned,1,RUJUHYRQSFNEHHRINNTNQBNVULWYPVF,2023-03-07,2023-03-14,404649.0
529,34.42,Refunded,Not Returned,2,GBMWHLAIHIEMNDQITOTDBMDRXPWJBNBRAMFVQ,2023-03-07,2023-03-12,905040.0
530,34.42,Cancelled,Not Returned,3,QVKFTCNYFQCQSREOCWHGRJZWJSWABZAIORRVGNRTSEIRME,2023-03-07,2023-03-15,499484.0
531,34.42,Pending,Not Returned,2,VTOZXSTKIUVPKBYHWYUEKKIKEIAZJHSPMXERIDNGLXG,2023-03-10,2023-03-14,649029.0
532,34.42,Refunded,Not Returned,2,VOGTZQEHJFUBZEJCMPOBCTRTTOVEWK,2023-03-10,2023-03-14,614024.0
533,34.42,Cancelled,Returned,1,CIGWBOLPZPPSCVTDAVHXOXUZVETLTTDVOFEKNKIXJF,2023-03-12,2023-03-19,963579.0
534,34.42,Completed,Returned,3,IEJTNFDXWUJVKPGRYGXUOSRORCAAGJ,2023-03-11,2023-03-18,288541.0
535,34.42,Refunded,Returned,2,HVWQNQYUWFTQTZZHMPLQRHRKMLOZYCC,2023-03-11,2023-03-14,922640.0
536,34.42,Cancelled,Not Returned,3,CIKHDVXTOEGHGHDAVEKDBQYLB,2023-03-11,2023-03-19,707089.0
537,34.42,Refunded,Returned,4,FFRVCOGMJDPIUJSQAMDOZJTIHTFW,2023-03-13,2023-03-20,826829.0
538,34.42,Refunded,Not Returned,4,XTQENQKDWWQYBUVARGVFFNWZLNNLI,2023-03-14,2023-03-20,107414.0
539,34.42,Pending,Not Returned,3,BREZWLNMCOOCTSOSHWMWJBKYVSII,2023-03-14,2023-03-19,628453.0
540,34.42,Pending,Returned,2,JVXHOFGTQDHMXNRWQRNXKJMTP,2023-03-18,2023-03-27,827033.0
541,34.42,Completed,Not Returned,3,CRFTCSZCLHYYEQJUQIMJHGBBDIYNXKUGY,2023-03-20,2023-03-26,460970.0
542,34.42,Pending,Returned,3,DBYWVUWSURUGKJKWICXEWAATEZSFCUMQCWCUWM,2023-03-18,2023-03-25,918258.0
543,34.42,Pending,Not Returned,4,CTPULYIPDYTRZAGTLHHXV,2023-03-19,2023-03-24,404527.0
544,34.42,Pending,Returned,3,NTETUBUJXIGWVRZLKJMIPUVQEFJK,2023-03-20,2023-03-24,0.0
545,34.42,Cancelled,Returned,5,GNDESUTJFBCOJQGYBGOCE,2023-03-26,2023-04-04,863265.0
546,34.42,Refunded,Returned,5,HDRSHWFEEQFMIXLJAKFCFIVHOVFWKJKDMHTOGAYZI,2023-03-28,2023-04-02,573062.0
547,34.42,Pending,Returned,4,HBZNLZWQSFUEYFCPRNYOZDKEIEGRRTXBZWMMQYZVQZ,2023-03-28,2023-04-06,692953.0
548,34.42,Cancelled,Not Returned,2,NUNLEEDWYMDRPRBWDTQTFRTGM,2023-03-30,2023-04-02,545913.0
549,34.42,Refunded,Returned,2,BHNVXRAWIIBPDMQKWBDLBAWFPBNT,2023-03-29,2023-03-31,221684.0
550,34.42,Pending,Not Returned,4,SCSKDQQGESYUZSIQINEVBXOPSAWLSTO,2023-03-28,2023-04-06,987886.0
551,34.42,Pending,Returned,2,AKIGBQPPNBSCHUYSPVDHADGY,2023-04-05,2023-04-13,253784.0
552,34.42,Refunded,Returned,1,AXRDTNHRGCYUNLOHEQYJKWPPDWEJNIRTFKUQIYCPTDZXVOBT,2023-04-06,2023-04-11,244460.0
553,34.42,Cancelled,Returned,5,STPXSUQDRDUCVRUTEIVWXOINUXBZYRMUPFPD,2023-04-07,2023-04-14,264934.0
554,34.42,Cancelled,Not Returned,1,JSKERCHKUSUYCLOZWXPESFLSIRCWNZXUEEDYVPMHXUP,2023-04-07,2023-04-10,117523.0
555,34.42,Completed,Returned,1,YBHCWIKUXTAAVHPJBPDSICKHGAHYXZZQKGINERXYWMEHOVD,2023-04-07,2023-04-11,611930.0
556,34.42,Refunded,Returned,1,FXSLGMGIAUXMSUAYTUSR,2023-04-07,2023-04-16,521048.0
557,34.42,Completed,Not Returned,4,WEZCBZVJFSYQSMQWRKTTMXKTSJCUFGUWTEVIVJNKQKGKMSF,2023-04-09,2023-04-18,172002.0
558,34.42,Cancelled,Returned,1,NPGABIYWRUTRRJHUHBRKK,2023-04-11,2023-04-15,108206.0
559,34.42,Pending,Not Returned,3,KJHOHSAWTCULPVPQPIVSAYRZFFLCKFNRPXMAFN,2023-04-09,2023-04-11,770547.0
560,34.42,Completed,Returned,2,YMMIFFYEYUNNDBBQJNSQVKGINWDNTXTQYSQY,2023-04-13,2023-04-20,663641.0
561,34.42,Cancelled,Returned,4,NMZNZPUOYSVKLKWEHZFPLFMGHLBWIMQMPAGMNUQPOQBZYL,2023-04-13,2023-04-19,789666.0
562,34.42,Cancelled,Returned,3,IFZFGZHCXOVFKCPFKHWJJW,2023-04-14,2023-04-20,662233.0
563,34.42,Pending,Not Returned,3,ZNSUUIMIZULNEFMMXFNKML,2023-04-14,2023-04-19,434222.0
564,34.42,Refunded,Returned,5,PFIQTPZZLRICJKBHTKRTGNGALACBCDNWRWEOPHXUZHYGFGWSV,2023-04-16,2023-04-20,350555.0
565,34.42,Cancelled,Returned,5,YAMGAJMDGFFUKWIVZGIWFSNAZPIWOSJPYCSMNGBZN,2023-04-18,2023-04-21,473506.0
566,34.42,Completed,Returned,3,WQMZBEDCZNKHWIPCJAIPILAPHNNJAFISVPSKUKNGZL,2023-04-20,2023-04-22,500795.0
567,34.42,Pending,Not Returned,5,TWEAKOJOMOBVMLYWDLOMBTPNUBQPDKMFQAIURKN,2023-04-22,2023-04-28,650574.0
568,34.42,Refunded,Not Returned,2,TKBDMFGVTZCDUTCASUMNV,2023-04-19,2023-04-24,274656.0
569,34.42,Refunded,Not Returned,2,PDQJGMYMVNFPITPUULPEXKAJKOZCXOKIBLTPXPUAPFNYYKA,2023-04-23,2023-05-02,339028.0
570,34.42,Refunded,Not Returned,5,QWSBNHYWVZFIEERVNLLVFDOWOYQCJYUVHIXCZAK,2023-04-25,2023-04-30,301619.0
571,34.42,Cancelled,Not Returned,1,LUGBATCDQRQSDQVBJLMKUHTEYBLBFVSL,2023-04-29,2023-05-03,441002.0
572,34.42,Refunded,Not Returned,3,MQLCXHPDXZMHACAORTCOVEUJGWYHCRQPZVMDCKBRDQFJ,2023-04-29,2023-05-02,658872.0
573,34.42,Cancelled,Returned,2,EZYRYYJIPJJDUXNHAPZQJFGRBUIEHX,2023-05-02,2023-05-05,323422.0
574,34.42,Pending,Returned,5,XOHEETQIBAVUKOAGWSXOFTZZ,2023-05-02,2023-05-11,826531.0
575,34.42,Pending,Returned,5,LMOSQMBRKEDBPYGHHBOESJIYVTHES,2023-05-04,2023-05-10,893426.0
576,34.42,Refunded,Returned,2,NHPVEASWSQXWUJEVGPCLNTAGZRWVDPKR,2023-05-04,2023-05-13,914645.0
577,34.42,Pending,Returned,2,PGUYCYERYQAPOMGCXWMPWAAPBRUYWREEHIXNMRDRVT,2023-05-04,2023-05-09,335579.0
578,34.42,Completed,Not Returned,1,GMBIEASTSVMFJKWYPZYWASEZFFEFYMAAYN,2023-05-07,2023-05-11,431931.0
579,34.42,Completed,Not Returned,5,IWJFIRODBFQGWWTOXUBULJYZQRP,2023-05-07,2023-05-16,406313.0
580,34.42,Cancelled,Not Returned,5,HUYVMPHLQPIYSQXHLIFYJIDKUVFZR,2023-05-07,2023-05-10,0.0
581,34.42,Refunded,Returned,4,LIOWIFKGYNPOTISLKHCSCYZ,2023-05-07,2023-05-12,204916.0
582,34.42,Cancelled,Not Returned,1,CFKTNBLPCUPJTEMLATKZSORPGJYPQGKQEACPXODLAQXOXTTJK,2023-05-11,2023-05-14,703727.0
583,34.42,Pending,Returned,2,BFPXGWSLRJGDQQDUEASVZWKAHDYVOQRCRZGQY,2023-05-11,2023-05-13,578112.0
584,34.42,Refunded,Not Returned,2,THKCYGOJLLSSOUUZEMYIVWJHIFXRJXOMKBHRC,2023-05-15,2023-05-18,452570.0
585,34.42,Cancelled,Returned,3,YCUYGRUUIRADDQZWBOMIGLLNWOAIZPIPBJYRMBMXCO,2023-05-12,2023-05-15,670413.0
586,34.42,Refunded,Not Returned,2,WJFWVNIRHFONOTFVLJSHEJ,2023-05-18,2023-05-23,0.0
587,34.42,Refunded,Returned,5,TNNBZQOWZCCCZCRFNZCAJMIVVZYBJY,2023-05-17,2023-05-20,154015.0
588,34.42,Cancelled,Not Returned,2,LSCSAZOWZMGBVTKWPNWOTSGIDFWJCUAFEWOYKTYMFEBQXLLVN,2023-05-19,2023-05-22,745251.0
589,34.42,Refunded,Returned,5,VZNGINUQQYUMRSQFLFCOCWOAUC,2023-05-21,2023-05-23,939337.0
590,34.42,Pending,Not Returned,5,NDVIRJHMBTYTGKERHZJBCZWE,2023-05-22,2023-05-25,331834.0
591,34.42,Completed,Returned,1,JKSPLBKVZAXEUNRGEHUOYEMSBEZZEFPBEOA,2023-05-23,2023-05-26,686344.0
592,34.42,Completed,Returned,2,CSOCHOAFVQPMACXFTUZCOOKVFFINZKXFRTOVIK,2023-05-24,2023-05-29,870861.0
593,34.42,Refunded,Returned,1,FZZZWNNXMYEIYKGBXLEXB,2023-05-23,2023-05-27,635431.0
594,34.42,Completed,Returned,5,GEDJPFUFIAPQMFBHWVDIWGUANBHKERLUX,2023-05-26,2023-06-04,675448.0
595,34.42,Refunded,Not Returned,2,SEGBQMKEMWMHKHJYKAGZHFZNTGCBVRVZCNRMHDO,2023-05-30,2023-06-01,347833.0
596,34.42,Cancelled,Not Returned,2,NTGXLIJHTBZPUWRTVXJFFVTMSQBRZGN,2023-05-30,2023-06-08,893088.0
597,34.42,Pending,Not Returned,1,OHIUKCTNHCRWNTHQHELBQMVNIIITFLJVERGMAFUUH,2023-05-29,2023-06-01,589962.0
598,34.42,Completed,Returned,1,GJHBROXFXNYYVXRXCAWANAADLODJ,2023-05-28,2023-06-01,984591.0
599,34.42,Cancelled,Not Returned,5,FJLCOPJVWKPQNPNFJQWJUJNTQIOGBD,2023-06-01,2023-06-10,0.0
600,34.42,Pending,Returned,5,XRKEZHVTEBECLSGSDWNSZZRZGOUALZXSWFZMFMO,2023-05-30,2023-06-04,944541.0
601,34.42,Completed,Not Returned,2,PHMMTTLSQZCOQFXSLDUWLVBGPXLPNAVIGEJJYRGYRMKJVION,2023-05-30,2023-06-01,106076.0
602,34.42,Completed,Returned,2,XNUPWCHBXBWRGQFJGDKPQF,2023-06-03,2023-06-10,702579.0
603,34.42,Pending,Not Returned,4,STVUROBSFLAWXWKSVDUSUFHVIJJJZDRLYKPSKWD,2023-06-02,2023-06-11,168305.0
604,34.42,Cancelled,Returned,4,QXMDFGHZBIJSAPRHJVKQYGZCGFCHAEX,2023-06-02,2023-06-07,464121.0
605,34.42,Cancelled,Returned,3,MZKVZKBIBUSZLIIWJEIWRJQZJNDJXVREIFPVWP,2023-06-06,2023-06-10,883398.0
606,34.42,Completed,Not Returned,5,KUOSCPUTEIEDMTQZTLTYTGAPGBLKHAZCHZHKUEHZUIQESSBS,2023-06-03,2023-06-05,881192.0
607,34.42,Pending,Not Returned,3,OHXHANKGROJDUANTTYIMZQXTDERQUGJIMRLHWREGOC,2023-06-04,2023-06-07,915130.0
608,34.42,Cancelled,Not Returned,3,FZFTAUQKXBYISFYGDCBJJQPZALTTYJAPKDCYM,2023-06-04,2023-06-13,665445.0
609,34.42,Pending,Returned,1,OYJFKYATDZJVZOAZUOCAFSDLYBQZFLOQANWBDTBV,2023-06-07,2023-06-11,508467.0
610,34.42,Pending,Returned,1,NRHTAPGFVSJWFZJYSCTCTFQRJFMFLNQVYHZEDFKEVNJKC,2023-06-07,2023-06-16,567941.0
611,34.42,Completed,Returned,4,HUETZUJHUIOAWEODSJWBERWFJOWIMRYGBPZBDBQFJN,2023-06-11,2023-06-16,874080.0
612,34.42,Pending,Not Returned,3,OULSKAYHVFLTPRLTBGIRIYHAEPNZMKTWMOXZPMHRSZOJWD,2023-06-12,2023-06-14,835973.0
613,34.42,Pending,Returned,4,HXGLRRSDAEGZKUWUKJXGPAALP,2023-06-16,2023-06-20,836783.0
614,34.42,Refunded,Not Returned,5,NRIBLYJBODSVDYIMJNYCCTPI,2023-06-19,2023-06-27,736867.0
615,34.42,Pending,Returned,2,VPIXWEMOYDNTXTGDQZIDCSIHZGGDSLTFL,2023-06-19,2023-06-26,347106.0
616,34.42,Cancelled,Not Returned,1,TDBOWFRUVEDKKICKBIXYJKCQKQSDBXNOCTVZMVMRVTUGWPPV,2023-06-19,2023-06-28,114357.0
617,34.42,Completed,Returned,5,FFDCACSINSXXSZZMVPHXZPZIIXWZCGTRXBALPLUJIURZD,2023-06-20,2023-06-24,408296.0
618,34.42,Completed,Returned,5,WUDPUWUHGWYXMHVGXEZRWZSJKHF,2023-06-20,2023-06-25,888151.0
619,34.42,Pending,Not Returned,1,PDBMGQWMJMJGJPCDDDPIFJYDWLJLYZ,2023-06-22,2023-06-27,128535.0
620,34.42,Pending,Returned,1,SVXADMHVNPBHMALQGPNJCLHPYXAQFAXOMFUMVD,2023-06-20,2023-06-23,944216.0
621,34.42,Cancelled,Returned,3,WJYDMDPIDZTHDIKXEIHZ,2023-06-22,2023-06-25,421461.0
622,34.42,Refunded,Not Returned,4,TATMXEVTUJPHLYCZDQUTVVM,2023-06-23,2023-06-27,927783.0
623,34.42,Completed,Returned,5,FCNGCFMNOZPAOXGIONSXRIALJGNZAOVAMTWBCDPVLYDVL,2023-06-25,2023-06-30,355622.0
624,34.42,Refunded,Not Returned,3,TVCELLZTWVGVLBNWPXGDTENIEB,2023-07-02,2023-07-10,273387.0
625,34.42,Cancelled,Not Returned,3,CJHZJBNDULTNPEZPDCADIAPW,2023-07-05,2023-07-14,393301.0
626,34.42,Completed,Returned,5,XFMQOZULHPCDGOKPVNWMIY,2023-07-04,2023-07-08,186923.0
627,34.42,Cancelled,Returned,5,CTVEVXBVYUQPXTXMTKHYUEBYDCBCPTIFZOEIX,2023-07-05,2023-07-13,0.0
628,34.42,Pending,Returned,2,CWMZVOKPOXFNKZTJPLGGXROFS,2023-07-12,2023-07-21,767661.0
629,34.42,Cancelled,Not Returned,4,TODRMVVAHSQJAAUEAUWUYTMIPHN,2023-07-11,2023-07-17,891773.0
630,34.42,Pending,Returned,5,QDGQXPNPBXOKMDXAOLUIGCPDZWNVMTSBJYSOGOQXPQPRQDBQ,2023-07-10,2023-07-17,0.0
631,34.42,Refunded,Not Returned,1,BVBOPKBHUXLNNXLBNWYLXIHTPJGOYIDWFLOS,2023-07-11,2023-07-16,0.0
632,34.42,Completed,Returned,2,VXBSXTTBOZLAWNDVXKGMNGVKTTYKUIYDBBYISOUURPBZL,2023-07-14,2023-07-22,166834.0
633,34.42,Completed,Returned,4,ABNGQOQIMBOTKSNDKPWZBBIVWUUDHWZROBVKQGHJXCMWQMSV,2023-07-17,2023-07-23,789740.0
634,34.42,Refunded,Not Returned,1,UPEIIFUJRKXXOGNHSOSRQCCGJYQO,2023-07-19,2023-07-27,395019.0
635,34.42,Pending,Returned,1,QCDHMARKUFPUSZWQRKNLYTXYGQE,2023-07-21,2023-07-27,101353.0
636,34.42,Completed,Returned,4,NXZMXLNYIDVSAMFAYVQCQBVGAZUVODFUMWMTABFZK,2023-07-19,2023-07-24,986382.0
637,34.42,Cancelled,Returned,2,MULTGTGXGBKAUMLMGLQHCGSTHNNBFPZIZYUOS,2023-07-20,2023-07-23,497436.0
638,34.42,Pending,Returned,1,VLIPFTOMUWJNCLYAXUPJIRAJGJLKIEDTMH,2023-07-20,2023-07-24,969468.0
639,34.42,Completed,Returned,3,AQOXORZFBESGIBGXNZXWOLTDZMILJIUWGYL,2023-07-24,2023-07-26,600123.0
640,34.42,Cancelled,Not Returned,4,OGHGKDRSGMIRGTPWEGFBGUIMQQORXOKYLWQ,2023-07-25,2023-07-27,430700.0
641,34.42,Cancelled,Returned,4,GXGUWJPKPBYBRENHFIFUQHCLMRWKBNA,2023-07-29,2023-08-05,624524.0
642,34.42,Completed,Not Returned,5,ORVRQANTXVPDVFYPTFOZAGWKAHNEMOIHSQSRRDBXEQVGPA,2023-08-05,2023-08-13,688535.0
643,34.42,Refunded,Returned,2,LSIPGOLDFFOCBEHSUPSWPFVARVHELREYVMUZVLPNKIWJPSJZ,2023-08-06,2023-08-15,987438.0
644,34.42,Refunded,Returned,3,DUHKFDUWXERVYCGXVLCQCKFKDQVALXCPCNQSGZXK,2023-08-09,2023-08-14,403312.0
645,34.42,Completed,Not Returned,3,XSEAYXJRJAMDYLXPSZLFPLYZXJEYYSLHDZG,2023-08-14,2023-08-22,572382.0
646,34.42,Cancelled,Returned,5,XWEKQXUCBSYBNZAPORBKUQMLZXBVURJLQVNVSMXYCYHEV,2023-08-16,2023-08-19,418486.0
647,34.42,Refunded,Returned,1,LAUZPZLWQZIMWDDOJWFCYOFKBZBAKEZFCTETISEWLLPGNVI,2023-08-17,2023-08-20,877642.0
648,34.42,Refunded,Not Returned,1,WKDKZIFQIWFFDTKCXXRPUPYLNIGNTTJKGS,2023-08-17,2023-08-20,833193.0
649,34.42,Refunded,Not Returned,3,UKFHAWHEJBDVYBOTJUXXBFVNEXZBNMBWICOWCL,2023-08-15,2023-08-17,220739.0
650,34.42,Pending,Returned,2,SQFSQPUHXXSHTOHCPCAHXIVLR,2023-08-17,2023-08-23,639391.0
651,34.42,Refunded,Not Returned,1,HZTKGNJOLTQHZNYZOYYKLTPYTRJSRAVDWGZA,2023-08-16,2023-08-23,875102.0
652,34.42,Completed,Not Returned,4,YHZQHEAODGNLUCTRHBFGGMAHYWMXTXSQMPXOKLVYCXYINGK,2023-08-16,2023-08-24,152400.0
653,34.42,Completed,Not Returned,5,CSBQBUPQJDKZZQZXLUJPDCIFLANXJ,2023-08-20,2023-08-29,771629.0
654,34.42,Pending,Not Returned,2,MIWSDCFIJIQJFPQKTGDYJUNYQNTWMBICDLOTH,2023-08-20,2023-08-22,676253.0
655,34.42,Pending,Returned,1,EBVIYNATDQJBFZSISSICFFQMMGIYYRAVVTMHU,2023-08-18,2023-08-21,820735.0
656,34.42,Completed,Returned,3,IAITWKTDPNTVURYVZVIAWCTACNNWVMAOYTGPTWUAOT,2023-08-20,2023-08-22,528321.0
657,34.42,Pending,Not Returned,5,SFFAPRMLRJNTYKRXLQXCUAAFSXDVMZLYHT,2023-08-22,2023-08-24,204030.0
658,34.42,Refunded,Returned,1,XGUGGNZRWSXXYTZSYYRFPCUBOTKSRVKCDFLUDLDBLMZPD,2023-08-23,2023-08-30,699846.0
659,34.42,Cancelled,Not Returned,3,HENOKJJXFPZUDZIJEJPKFGLMQIHPUCEUYWMRUPYNKRHLSTB,2023-08-21,2023-08-25,970303.0
660,34.42,Cancelled,Returned,1,VINOKMXYEFWEAYRWXHQZWYKKCHHY,2023-08-27,2023-09-01,175855.0
661,34.42,Cancelled,Returned,5,UUCVJSNRWZCTNKJXNAPYFRPSPELFYBPUWKLKWTSHREL,2023-08-29,2023-09-06,349561.0
662,34.42,Completed,Not Returned,4,OEQWDZLRHTQHMWCCGRUGVZWBGBGNO,2023-09-02,2023-09-08,140656.0
663,34.42,Pending,Not Returned,4,XZHPUGKXDRWMQLRJGLLZMAGPPUPPNKSKBGI,2023-09-02,2023-09-10,0.0
664,34.42,Cancelled,Returned,3,NZJPXRAXBTDBDWFZVDREKMCSTKKU,2023-09-03,2023-09-07,663618.0
665,34.42,Refunded,Returned,4,BVOVHBHXTWOPMWQNNAXACVXOEEDNTGVXOKNFJGJNZEVASH,2023-09-04,2023-09-09,0.0
666,34.42,Refunded,Returned,5,QSPDHYDMGAIDNICOEAKSEVXQSQEXTIVFUMZUKW,2023-09-06,2023-09-09,0.0
667,34.42,Refunded,Not Returned,3,WAQZFCPMLYKWBSHMNOQOUJALIWEVOCSGGGBBLEDGPCU,2023-09-09,2023-09-16,551973.0
668,34.42,Pending,Returned,1,QITHLGNPAJKGRSNQWSVMW,2023-09-12,2023-09-19,927638.0
669,34.42,Cancelled,Not Returned,2,BYIGNETOTATGEYDKSFTRET,2023-09-12,2023-09-16,0.0
670,34.42,Refunded,Not Returned,1,UYTFDQORFXYTVSLIHOABZYZCSJYNSZKUFS,2023-09-15,2023-09-23,293276.0
671,34.42,Pending,Not Returned,5,ZHBVRYVYDCBXDRKIHUHEMGUEMTPNEWSDX,2023-09-13,2023-09-18,147035.0
672,34.42,Refunded,Returned,3,XKBMPIPGPMEOGRTWBHJJKUUHPPQFRQLOGNDQZKFJO,2023-09-19,2023-09-26,184453.0
673,34.42,Cancelled,Not Returned,1,FPLSPNFZIVAZVHGNHKXISGFRESKEYXYIXHKVFOFZVKOLIJOQ,2023-09-20,2023-09-29,681125.0
674,34.42,Cancelled,Returned,3,ZVHQKKFYVBATFZZYEWVVIERXSOOINEQOTYQ,2023-09-24,2023-10-03,768690.0
675,34.42,Cancelled,Not Returned,4,XYIMVMENGYELCIJANAJKTBWBWXKHCIZPZPJFTXTTKHT,2023-09-23,2023-09-27,403890.0
676,34.42,Cancelled,Returned,2,FHNCBVAKUFHGFRLHXUSX,2023-09-26,2023-10-03,580365.0
677,34.42,Cancelled,Returned,5,SIYLOWMXMUUEBSHNFYGNFPDG,2023-09-26,2023-09-28,180750.0
678,34.42,Refunded,Not Returned,1,DGUBWHJBFDUAFLNOXRQIORXUREPIVCLXNAI,2023-09-25,2023-09-27,195204.0
679,34.42,Cancelled,Not Returned,2,TMHKNPKSVJZHKYHYTJQWKLJTQCGC,2023-10-04,2023-10-08,0.0
680,34.42,Refunded,Returned,5,WHUVSNESMRWZKWLHLARBLSWGGARHYJWAOODJ,2023-10-04,2023-10-12,733227.0
681,34.42,Cancelled,Returned,5,NMUQGFITTHNTCWMUIUIVVKFWLDD,2023-10-09,2023-10-13,219820.0
682,34.42,Refunded,Not Returned,4,WZVQGFTHGHIACRSKPRFYBDEUNAVNUMVPDFIAVQWDFPGE,2023-10-10,2023-10-18,886773.0
683,34.42,Cancelled,Not Returned,3,XSAZHTWDWQABUNZVBAYMWHVIXTUB,2023-10-10,2023-10-16,849489.0
684,34.42,Refunded,Returned,3,FCTQFHNJTJOHKPZCOMKNGSOFTVGXNVDIGYOC,2023-10-12,2023-10-15,0.0
685,34.42,Cancelled,Returned,2,QXAAPWNKNHSBWJEOABSVQOXR,2023-10-14,2023-10-23,163204.0
686,34.42,Pending,Not Returned,4,HUNHVWHSMEJGINFJAKHFQDFOJQJESGXSJSKCKFFO,2023-10-16,2023-10-18,903862.0
687,34.42,Refunded,Returned,5,VYKHWWHWPCHHMAJEEQVNFN,2023-10-17,2023-10-24,297628.0
688,34.42,Pending,Not Returned,4,TVVAERNGYOIOPIGGQKFNOUHXDAFZAUE,2023-10-15,2023-10-19,736620.0
689,34.42,Refunded,Not Returned,4,EVEQLGOSWUMLSMFAFMMMTDEMIQCTRYOWAIFRAV,2023-10-17,2023-10-22,392677.0
690,34.42,Refunded,Not Returned,2,JFGFHBIYIGIQCPPBKPOAUQCVVS,2023-10-18,2023-10-25,673308.0
691,34.42,Refunded,Not Returned,3,GVKRYNPFBWKKZJDQJIMKJXECDCJXMEMXAYKZCQS,2023-10-19,2023-10-22,979855.0
692,34.42,Completed,Returned,4,PRWZTWSFWGOEPFCLDVCPPWSOITBFNIJZ,2023-10-21,2023-10-26,560994.0
693,34.42,Cancelled,Not Returned,4,ODEYWUFYOTBPEWDAHUJOBSLJLZUTYIHBUXXGD,2023-10-21,2023-10-28,520852.0
694,34.42,Pending,Not Returned,4,HXMZUCETHBXJVPDNCJMEVQQKZSRQKOHLQZXEDX,2023-10-19,2023-10-22,609065.0
695,34.42,Pending,Returned,1,KHPPCLXMADUFEEUYJZSRZBPOXEUVIWEEZIIBGZATBZY,2023-10-19,2023-10-24,561309.0
696,34.42,Refunded,Returned,4,FTSPDREYVRFYNTQRUJWXSYRDTOFZFCI,2023-10-20,2023-10-29,187262.0
697,34.42,Pending,Not Returned,4,ENBVSHMSEODDRXSTVIOLDCEYQEDUGG,2023-10-22,2023-10-24,629835.0
698,34.42,Pending,Not Returned,5,QYOGOTDBVMLJSOQUFEUZMNXNOP,2023-10-26,2023-10-30,812517.0
699,34.42,Pending,Not Returned,1,AXKGQYDGCXTNRRXXAFIYBHXTDUJWA,2023-10-27,2023-11-04,278001.0
700,34.42,Pending,Not Returned,4,ISKDWEUQRERQZCKQZHXHWWBYGUTXUF,2023-10-28,2023-11-04,588417.0
701,34.42,Completed,Not Returned,4,RGRLGGAJJLCCMMFCOIUFFHZKSPIWKPFQPTURARH,2023-10-30,2023-11-03,600438.0
702,34.42,Refunded,Not Returned,2,VJBIXDKJNGSFPSZSMLYVOHDTHWUPPBVQWYEELGEZDQFNI,2023-10-28,2023-11-03,653991.0
703,34.42,Pending,Returned,2,ZKTUPPPFOCIAKVFXEYYRULG,2023-10-28,2023-11-04,376337.0
704,34.42,Completed,Returned,1,GIXZYTHIJLBJCAQZVAENF,2023-10-30,2023-11-03,941943.0
705,34.42,Completed,Not Returned,5,VNDAFGUFZXAHLKBBXBHUYYXYGPXV,2023-11-02,2023-11-10,571323.0
706,34.42,Refunded,Returned,1,PBCBVSQTULKTVSZFJNAOFMXZNMXP,2023-11-01,2023-11-08,830604.0
707,34.42,Cancelled,Returned,1,NMWJJDNLVFOEJIJXLVDD,2023-11-04,2023-11-13,964694.0
708,34.42,Cancelled,Not Returned,2,YNLMTMWVBUSIJQJTMTYABQMQMQSNTJBN,2023-11-08,2023-11-10,736670.0
709,34.42,Cancelled,Returned,2,EVRCPZSRTEHFOYCZIKTXZWNWIJORUSGSEURA,2023-11-08,2023-11-11,106466.0
710,34.42,Pending,Returned,5,FMQIZUALXADGTEWTEGQLOCQNOOOSKRU,2023-11-08,2023-11-11,712044.0
711,34.42,Refunded,Not Returned,4,UZIXCAUKPCUIKQAICJEYKELNLSIGP,2023-11-11,2023-11-15,384582.0
712,34.42,Cancelled,Not Returned,5,GNHURYCBZZEHSVIBOHJGSAVBCNOUNHRVQGTAIIKSFGOTFIO,2023-11-14,2023-11-19,353600.0
713,34.42,Pending,Not Returned,4,VWFGQFICNFDPWPWIDHXHXFHFZNNRMOCFWTQTPFHMMTZQU,2023-11-14,2023-11-18,161041.0
714,34.42,Refunded,Returned,3,VCMGTEKWRDTVGDJAQEQCICCIEXJOYLFGGWDMORRGJP,2023-11-17,2023-11-24,293268.0
715,34.42,Pending,Not Returned,2,ZWHSKUFXXJSNTFDZTOEPZGBMBZITECBNZHTLQPFFRB,2023-11-17,2023-11-20,893290.0
716,34.42,Cancelled,Returned,3,WNBZQXPZRUFZQRNJDRKVPDSFYHR,2023-11-20,2023-11-28,532540.0
717,34.42,Cancelled,Not Returned,3,RPZGYQCVODZPNZQIGNWLQILLHJLETAIOXBDDWC,2023-11-18,2023-11-27,290680.0
718,34.42,Completed,Not Returned,2,HGZLLDOYFCGVXUFAHAPCBFHXGGXUSRCKKCW,2023-11-19,2023-11-26,254768.0
719,34.42,Completed,Not Returned,3,WVJBZQIRTIYKQNRRLRHH,2023-11-20,2023-11-26,553540.0
720,34.42,Refunded,Not Returned,1,HTOHNMWHQSZFQDYGQVVRFJRXGNVNJVYIZJBCPJWKJLNIM,2023-11-24,2023-12-03,410917.0
721,34.42,Pending,Returned,4,FKAOGKQEIZPKZYQFOCILSRPHSELFLZOJQGGUYKBUBNRPKIGDP,2023-11-25,2023-11-28,418637.0
722,34.42,Pending,Returned,5,KHKTQZSJLABRGPMDJIRIVJHWKMXMPMYLO,2023-11-28,2023-12-03,447405.0
723,34.42,Cancelled,Not Returned,2,PHFXHBRKQJBWSTTTBFQLEBIBVTNVOBRLGPSCOOGHGCSWSRGS,2023-12-01,2023-12-06,741905.0
724,34.42,Cancelled,Returned,1,WMBXRDDHKAIFDFMVINLDHQVE,2023-11-30,2023-12-06,904458.0
725,34.42,Refunded,Not Returned,5,DHPKZBHGABWMKCBPAGCVPZ,2023-12-02,2023-12-09,748951.0
726,34.42,Completed,Not Returned,5,FNWKVWUYSVYAUMTIKAMTACTQEFQJKMJNMDTQRKJURSI,2023-12-03,2023-12-12,785899.0
727,34.42,Cancelled,Returned,5,AECASFJELLQBUYNLMEEQEXYZ,2023-12-02,2023-12-09,593394.0
728,34.42,Pending,Returned,3,DGWQKFMLYEXJKIZZMCQREPZWPKVDIOLPDCUDBS,2023-12-01,2023-12-08,0.0
729,34.42,Cancelled,Not Returned,3,BARHHJRVKWAGHYNXSHSVDWXJVJ,2023-12-02,2023-12-11,252795.0
730,34.42,Completed,Not Returned,3,HGZOHJGSCIPNGLAPCAFBGHM,2023-12-04,2023-12-12,142704.0
731,34.42,Pending,Not Returned,3,PVUJDYXUMQHHWGXAOOSDFJLZYDFYNMYVUCUOCEMZZOQFWRCZ,2023-12-04,2023-12-09,819348.0
732,34.42,Completed,Returned,1,HTKXKHVABTDBYBMVUTFDYZOWCZDQ,2023-12-09,2023-12-13,0.0
733,34.42,Refunded,Not Returned,3,BTMOEXSFQYABAHDRWXIOPUCAX,2023-12-07,2023-12-11,904856.0
734,34.42,Refunded,Not Returned,2,NFEWEDULNWNKVJJIZBNGQXTHXTDEMGFQ,2023-12-09,2023-12-17,629409.0
735,34.42,Completed,Not Returned,5,SYCIUZOHYYWZOAHWDVJPRDHDJ,2023-12-09,2023-12-17,993637.0
736,34.42,Pending,Not Returned,1,DPLJYKBPWSLDQLPCBZGFAOLMHIAEGRVHXZJHLPL,2023-12-12,2023-12-21,209144.0
737,34.42,Completed,Not Returned,3,VCRENYTUPVFPTNTXENKUITGEOYMLXOXZZSYXSJQPE,2023-12-15,2023-12-23,361842.0
738,34.42,Cancelled,Not Returned,5,DXVJUYFKKPNSVDEVYSQRHDWRKZNMXZPLIGJQRYZGCOPUQMZC,2023-12-15,2023-12-18,100069.0
739,34.42,Cancelled,Returned,1,TTWEIWRKKPHBWUJFDUEWKLPTUNNTTOHEIUPXCLGQOOLUBH,2023-12-17,2023-12-26,301408.0
740,34.42,Completed,Not Returned,5,VECAPJZJKZLHEIKOWQKMQWGIRWRJLZRUIIJAKNWZJNSZJQB,2023-12-14,2023-12-16,222925.0
741,34.42,Cancelled,Not Returned,1,NZRBTSXHFTGYMBVGAFPHMWRNRDOEUNPOKBWXRDOLC,2023-12-16,2023-12-20,807646.0
742,34.42,Completed,Returned,4,UPFBZVILLXNQILJKBPAVAVB,2023-12-16,2023-12-25,745857.0
743,34.42,Cancelled,Returned,1,WWTRLWAKBLBQYFPSFGSTZQFOVIBEUWE,2023-12-17,2023-12-21,910836.0
744,34.42,Completed,Not Returned,3,JDLOJRXEMDIRCXKDIZLZJJIJIAVPZNM,2023-12-20,2023-12-27,444980.0
745,34.42,Cancelled,Returned,5,NHWWRTALKMWDYFVYMXVMFVDUC,2023-12-19,2023-12-27,0.0
746,34.42,Pending,Not Returned,5,OKBWQZWBUAETQAGCZPPLIYNLZYPQLDQAYUQKSWRTBIIL,2023-12-22,2023-12-31,667792.0
747,34.42,Pending,Returned,5,MPMWNGBLZXQXETJRCMMJBPDSEGIEHBVXYTTGDUORBNJELJZRF,2023-12-23,2023-12-30,887482.0
748,34.42,Cancelled,Returned,2,VLXAGLGITOWLMVDJXCXEDSOZWGVCYPORCNAGBJXYPLRFQHU,2023-12-26,2024-01-03,0.0
749,34.42,Completed,Not Returned,2,SBGKWMJOUGFYLCPTIJMHZFCLIIKF,2023-12-28,2024-01-03,626102.0
750,34.42,Cancelled,Returned,3,GIYSRLUKJWCLDJBLKNONZ,2023-12-30,2024-01-03,988035.0
751,34.42,Refunded,Not Returned,4,LBWBATOVJZTAAYAWKLONWAAFXWVZCNWFHTYOQWIPZAZPSWIQ,2023-12-30,2024-01-07,645635.0
752,34.42,Refunded,Returned,2,NRUNWGJPGTFZFGYVZQHBSUVGL,2024-01-03,2024-01-06,219007.0
753,34.42,Completed,Not Returned,1,CYDYYKLSSKMXAFVYPBNXWRQTRSOBYDAHTNZKXXY,2024-01-03,2024-01-11,357318.0
754,34.42,Cancelled,Returned,3,PJGPDLLBFTOOVPXCAULOSFSQIUMOPMBBK,2024-01-02,2024-01-11,0.0
755,34.42,Cancelled,Not Returned,4,YPQZCZWARNVIILXCBAIMUPSJZENOCIAASFKRNPAXJYJMACNUP,2024-01-04,2024-01-13,596336.0
756,34.42,Pending,Not Returned,1,ZTFATXEHLAMZITYXHMBONSZISNHEGDHDUAZHGKUPVQ,2024-01-06,2024-01-13,336173.0
757,34.42,Completed,Not Returned,5,YEZGJMTOFBDUNYYXONDFGMQQDSZTMIBTWRXZTYQGQJY,2024-01-08,2024-01-17,197941.0
758,34.42,Refunded,Not Returned,2,ZLZLQSWNQOUFSVTFFDASKZGBDFEVUIKRT,2024-01-06,2024-01-12,893104.0
759,34.42,Refunded,Returned,1,MWQVZJYRQLOZSVOMGKHTPXWKXEZGPPTQSZOY,2024-01-10,2024-01-14,448655.0
760,34.42,Completed,Not Returned,4,TUOCLFTEKWLGIRNDHPDSZFSOLLBICANMYE,2024-01-08,2024-01-11,270735.0
761,34.42,Refunded,Returned,3,NPRNAFUJFBGQXNWGVZUISYUXKC,2024-01-13,2024-01-22,678597.0
762,34.42,Completed,Returned,1,ZDEDMIWNPVFJWUZMCKCGJADZHTQEQIHGEDWCHEEQOZ,2024-01-14,2024-01-20,878073.0
763,34.42,Refunded,Not Returned,3,HGQLDTYZRDJCZELWEEDYFJFVVAPKFTRFQLQUVRJXTLDJEZ,2024-01-15,2024-01-17,443838.0
764,34.42,Refunded,Not Returned,5,PEZSXFXUGJGVNJTVYKNLDMV,2024-01-16,2024-01-23,446169.0
765,34.42,Completed,Returned,4,CMTSOSZTDFODFBDROLHLIGVHTJKBDUYUYIHENBUQH,2024-01-17,2024-01-20,805882.0
766,34.42,Completed,Returned,4,WOBKNUJGVNMUVBJAAXCKS,2024-01-23,2024-02-01,952496.0
767,34.42,Refunded,Returned,2,MVDTWFBIRXDZAAYTQSCWVXWQCYDM,2024-01-26,2024-01-30,190646.0
768,34.42,Refunded,Not Returned,4,OLCUHARMGMQMMKNUJHFSWSLUGRZTRWCIFAJHWQCCCGVKREVBN,2024-02-01,2024-02-07,645249.0
769,34.42,Pending,Not Returned,1,DNOTTQCWDRXAYERMNTCW,2024-01-30,2024-02-01,643441.0
770,34.42,Cancelled,Returned,1,KITSGVUJGEYDQZEQQQAXBYWSI,2024-01-29,2024-02-01,436084.0
771,34.42,Completed,Returned,1,WOSEMDMFLIOUOQEEYXEUNBINODWZFNEKUNGNMRY,2024-01-29,2024-01-31,692019.0
772,34.42,Completed,Returned,5,IKTZKZFAEVYNYPISTHHPR,2024-01-31,2024-02-03,0.0
773,34.42,Cancelled,Not Returned,4,WIEBUNRMLOUOYWWAYVGMRAKMTIY,2024-02-02,2024-02-06,0.0
774,34.42,Pending,Returned,4,PKCQBIIPAYQJTEHMUEDYHYWGEJQFJPVJDBACMYLAUJFIALEAB,2024-01-31,2024-02-03,516003.0
775,34.42,Refunded,Returned,1,BEJTFEBIJHYFEURTRBLHDTWDIILNCFOWS,2024-02-03,2024-02-07,874216.0
776,34.42,Refunded,Returned,2,AIWZPWILNOVXUPHJNQCDPNY,2024-02-04,2024-02-13,776170.0
777,34.42,Pending,Returned,2,NPHRGCFTPVDSBDZBGOQNKQEWNQTUBGDHAJAADQENFGH,2024-02-03,2024-02-06,136912.0
778,34.42,Pending,Not Returned,4,RDWYYCWDYWPMVYWKXKETANXVTSETWFSLZNQGUAQFDNH,2024-02-06,2024-02-15,873341.0
779,34.42,Cancelled,Returned,4,TMHXPECMODCBDYFDQGRVJQWDSZGMCHKPTSWWI,2024-02-05,2024-02-13,582668.0
780,34.42,Cancelled,Not Returned,3,WFCTHFYHNHKJZWJKAOENWZYTHQDDR,2024-02-06,2024-02-12,608697.0
781,34.42,Refunded,Not Returned,4,SCIGBIXFFPBPCVPLCKKWPETHKKRSJDJNFEOEWXFSTQNKNE,2024-02-07,2024-02-16,0.0
782,34.42,Pending,Returned,1,LZXSJMOTMDVIZSTVVGOQNNIPBNDCCKEP,2024-02-11,2024-02-14,0.0
783,34.42,Pending,Not Returned,5,WWSIVKLZHNQTOOWLILSLKFHKCPFIIFEACCLDUPKHIN,2024-02-12,2024-02-15,716987.0
784,34.42,Refunded,Returned,4,ZVOSIZQICYPMZQXVYDUVIVIRNTCDARDJDUYQHSIPXX,2024-02-13,2024-02-18,332242.0
785,34.42,Refunded,Returned,4,OTPULWRGPSFFFZOBIHGPOITOBTNZKCBRNXELNFHGGLGL,2024-02-17,2024-02-22,0.0
786,34.42,Refunded,Returned,1,PGHAMSAXRGVQOVYSWDQGPQTOIUWMGSKHQDZDRVQCIZFBLO,2024-02-18,2024-02-27,908996.0
787,34.42,Refunded,Returned,3,BLPGAUGCTECOFOCXWABDUNNJKDOT,2024-02-19,2024-02-22,962953.0
788,34.42,Refunded,Returned,4,YDTTPBMHMTUHDEUFWSJCMIQJLMXJSUSZQZEHEODYMQEAVOJYK,2024-02-19,2024-02-24,705166.0
789,34.42,Cancelled,Not Returned,2,RMTXPSWLWNBJDAXZZYQKGQQIJZFQPGSZDTXQXIKWAGVEEAFMO,2024-02-20,2024-02-29,567000.0
790,34.42,Refunded,Not Returned,2,QXXMKDGSXGNUPUIVVBPELTZ,2024-02-19,2024-02-23,944111.0
791,34.42,Pending,Returned,2,CIGDYIOWUYGYKSKYAUMMBQSWOSJJISKFBX,2024-02-21,2024-03-01,274575.0
792,34.42,Completed,Not Returned,5,OERGCUYPQBPUTANPWIQHIBMAVGRUE,2024-02-23,2024-02-28,657639.0
793,34.42,Cancelled,Returned,5,LQZXELSMPYSWJLGNJHOZPHDQDV,2024-02-26,2024-02-29,814946.0
794,34.42,Pending,Not Returned,4,KMFVNGLAJAPGTFVYRTDWPAUTBPUIOXPIGJGMBLMCKZHKR,2024-02-25,2024-03-03,284322.0
795,34.42,Completed,Not Returned,4,LFJTOTOSFSOYTTRBGECFFASLEG,2024-02-28,2024-03-01,0.0
796,34.42,Cancelled,Returned,4,HSFOFIDPWJAKQRTVTOFPBYCWQHTOMUWSYYXALRR,2024-02-26,2024-03-04,863787.0
797,34.42,Refunded,Not Returned,5,RQKEVGZWRGRBFVHUUZQDQZ,2024-02-29,2024-03-07,481134.0
798,34.42,Cancelled,Not Returned,4,UOOHQSAMFJAZLSOUEBSNIAMQBXVNTWFYFRS,2024-02-29,2024-03-07,957198.0
799,34.42,Refunded,Not Returned,1,OGFESTAUGRHLJFZPSRXMTGGPZYJO,2024-03-04,2024-03-11,869370.0
800,34.42,Refunded,Returned,3,XLOHGZUINGLNKSFCFXIBFNSWDNUJFKMXR,2024-03-02,2024-03-11,681113.0
801,34.42,Refunded,Not Returned,2,NTVTKUEHDLFWXYZHDTJKOECOBBYHVNIELJAXSYK,2024-03-03,2024-03-05,168146.0
802,34.42,Completed,Not Returned,2,CAQFMTZDEONSOLRNJHWZDRYHDKEJFDRUQGIC,2024-03-03,2024-03-06,897421.0
803,34.42,Cancelled,Not Returned,1,IDVSIWWTFKXOVFTXJXYVRPDTMXETXSRTQPAUATXNX,2024-03-06,2024-03-15,240170.0
804,34.42,Refunded,Not Returned,4,OCMSAMOPKCHFEZOIWVEUJ,2024-03-10,2024-03-13,463653.0
805,34.42,Pending,Not Returned,5,ZFKDTLTFAYRBEPLLKTSUGZBFDBQHEJPBXSGBMWDPJQUN,2024-03-09,2024-03-11,667179.0
806,34.42,Cancelled,Not Returned,4,MTHQRUJZMBQFLMZDOPUSOZFTFEBTBEC,2024-03-16,2024-03-24,167537.0
807,34.42,Pending,Not Returned,4,KERNJXVYCPPKDKHPWHINHXPVB,2024-03-14,2024-03-22,920504.0
808,34.42,Completed,Not Returned,2,WTSTTSYSRMQAUEYTUMFJWIFAXRYWGZJLUXZOQCYOAKXFPZU,2024-03-17,2024-03-23,727937.0
809,34.42,Completed,Not Returned,2,VUOYRJVLTSERSWLABCZLNGDLXHAEAOM,2024-03-16,2024-03-25,875705.0
810,34.42,Cancelled,Returned,5,WMDOLHPLXYFWOGEWOYLKDMRHGVWPCVZPPGWMMUSRGTRXRVDI,2024-03-18,2024-03-23,566873.0
811,34.42,Completed,Not Returned,2,PDHCIHLNXJUQKJMYBAVAPJZJGGAZMECMLREEBFGA,2024-03-19,2024-03-25,0.0
812,34.42,Completed,Not Returned,4,TBJKUMPTKRKAXRTZEBZYRV,2024-03-20,2024-03-24,963523.0
813,34.42,Cancelled,Not Returned,1,VKKMDARLZJVHCGYTKGGZICKQHT,2024-03-20,2024-03-27,750147.0
814,34.42,Pending,Not Returned,5,UTAPWDXIHAHEAYYGOGAIA,2024-03-23,2024-03-31,0.0
815,34.42,Refunded,Not Returned,1,LGYIELVBRZIAJNUNGLZVVFMHWUZBJFPJOUTJKUYBVYJULKVO,2024-03-29,2024-04-05,425853.0
816,34.42,Cancelled,Returned,4,DEXAAJDMNZSEKZHAEURMEXZGLBMNFPJKAOPJJCKKPFIAF,2024-03-30,2024-04-01,814288.0
817,34.42,Cancelled,Returned,5,YMBSBDDJQXPUHFBWZOYWKUPDKNHFUWSYDDXFK,2024-03-30,2024-04-01,383987.0
818,34.42,Refunded,Returned,1,BIPFWISEUJGBTDHZCBIK,2024-04-03,2024-04-09,357397.0
819,34.42,Pending,Returned,5,IFACGIHUMXRSXIZXTFULDIJ,2024-04-01,2024-04-05,0.0
820,34.42,Refunded,Not Returned,4,QGZHKMCSNVPOBFUGIIQWCD,2024-04-02,2024-04-08,662025.0
821,34.42,Refunded,Not Returned,5,AJCJIQOCUCDDQFKLWGMFW,2024-04-04,2024-04-08,567697.0
822,34.42,Pending,Not Returned,4,CUNNWJEZBFWKRZXUKXOCBGEUMHIHJBJKWKENWCTWBRAAQFMUZ,2024-04-05,2024-04-14,993373.0
823,34.42,Pending,Returned,5,UAXFHMBZHVAMAJEWTMZEJCBBEDBUZIXIIXYDHRIYCFW,2024-04-10,2024-04-13,213018.0
824,34.42,Refunded,Returned,5,EQSXCHIVWVHNWJQCCCDQNBLEVYBLIWITWAXGWR,2024-04-10,2024-04-17,812210.0
825,34.42,Refunded,Returned,2,OIKXAKAERAJMHMTBULMVHOGGQSCGL,2024-04-10,2024-04-13,596010.0
826,34.42,Cancelled,Returned,4,BZGPIALBVRNLREGDMPVPSDTTAMTTVIJFV,2024-04-11,2024-04-13,857325.0
827,34.42,Pending,Not Returned,3,WPQXAINODYHYOVYDSCHBVYYHHQ,2024-04-13,2024-04-16,662531.0
828,34.42,Completed,Not Returned,5,PPGOQYCAHGRWEOGJPWBROWSTNWBRIAPLLSJ,2024-04-18,2024-04-24,552559.0
829,34.42,Pending,Returned,1,ECIUWONKMGYBCTHAYUDMXNICNDQOLNSJEXQQCPY,2024-04-19,2024-04-23,690466.0
830,34.42,Refunded,Not Returned,2,QTLXBTPWWUWFBIERVZURJJWJRPWF,2024-04-19,2024-04-21,716888.0
831,34.42,Refunded,Returned,2,DTPVYZVVKAEQKNIJDBYFZCMLRFJFYEO,2024-04-24,2024-04-27,775967.0
832,34.42,Refunded,Returned,5,LIMPUBQIZWSFZDYORLLTQGTELQBDBNNMQZ,2024-04-23,2024-04-25,0.0
833,34.42,Refunded,Returned,3,VRCUPSFWZFRIRFIYRYPXWMKHZXQIFAAMGJRF,2024-04-26,2024-04-28,511242.0
834,34.42,Completed,Returned,2,EUZOLVKHEHEJOFXRWCIJGSXZBZHGEDKZ,2024-04-26,2024-04-30,375908.0
835,34.42,Pending,Not Returned,4,JADVFRYMMADDRXRROROQEKPTBQARQYRSYEMXWFMRDIWCVXX,2024-04-29,2024-05-05,882004.0
836,34.42,Completed,Not Returned,5,MXZVKJKCYNNSDZABFMNAYHRNBXL,2024-05-01,2024-05-08,0.0
837,34.42,Completed,Returned,5,XAUOKRQCOMCMZIJABYNEYVJZSHMIRYDHEFTEASDASDNNIS,2024-04-29,2024-05-05,754219.0
838,34.42,Refunded,Returned,3,PSDIYQOHZMABJUMKNPFBZESGQELSRL,2024-05-01,2024-05-06,177117.0
839,34.42,Completed,Not Returned,4,ZDOOKBRCRNFBAHJTRTKRPE,2024-05-01,2024-05-07,936652.0
840,34.42,Refunded,Not Returned,4,VBKMTXPNGGLLTAWFHMEXJNXIQC,2024-05-04,2024-05-13,929496.0
841,34.42,Refunded,Returned,3,LKVDHJNALENDQZVZMCKKEFDJJLVWROW,2024-05-01,2024-05-04,858145.0
842,34.42,Refunded,Returned,1,RCCAQJFYYKNQGVDKSIZUHTDPFFSBKYRIPKNHMJWLUC,2024-05-06,2024-05-15,0.0
843,34.42,Completed,Returned,4,KXRXUYDHKOWXUBWSOZZZZ,2024-05-05,2024-05-10,375772.0
844,34.42,Refunded,Returned,1,BCNTZMWZPLAFMVXBRQSWOHWIHHKRQVWF,2024-05-06,2024-05-11,0.0
845,34.42,Completed,Returned,1,XBAJHPXNXPNZGRTIXDXZPVKIQVKTCUZKHJFQFGMFCY,2024-05-05,2024-05-10,233636.0
846,34.42,Pending,Not Returned,5,JZDEUSRXGUAZQXTTYREVFJSJFJJULXDM,2024-05-08,2024-05-13,226427.0
847,34.42,Refunded,Not Returned,5,JPSFZINXJHCQSCNFSRLOYFULSGWTJRBMOXDGCYPZIWWQZ,2024-05-06,2024-05-12,675394.0
848,34.42,Cancelled,Returned,2,RXMBAPPKXDKZFZKZAIGUVCIBJQA,2024-05-12,2024-05-20,0.0
849,34.42,Cancelled,Returned,5,RFFIJODHDCDAIKUWSUZTGEBSXCOGEWJIWNVMAPTHQFBMY,2024-05-10,2024-05-15,830142.0
850,34.42,Cancelled,Returned,4,YIMRRIBDRQLPMKNJWUSXUQINECV,2024-05-16,2024-05-19,0.0
851,34.42,Cancelled,Returned,4,RCWBKEYGNSBZIYYJSQYGRFIHVVX,2024-05-16,2024-05-19,625802.0
852,34.42,Cancelled,Not Returned,1,XABVXDTRJAJIWYMORZMEBZGISNQT,2024-05-23,2024-05-25,277067.0
853,34.42,Completed,Not Returned,4,KVELUIQHXHLSJXBXHNSDIMIZMYPZVAHIXMQVYIG,2024-05-23,2024-05-31,410930.0
854,34.42,Pending,Returned,5,TWJUZEQBIBJLBOYCBGIKVPGMCKCOHGEFYSCKFXUNQC,2024-05-26,2024-06-03,684147.0
855,34.42,Completed,Not Returned,5,XDIMFJTTZUMWNLWMJGELYBHZHSEHJMIGTTSKHVPJFJJYSDSC,2024-05-27,2024-06-05,958985.0
856,34.42,Refunded,Returned,5,NJFPIULLNZBJDFWMWNDJJEDLZVNGBNJPCHWQ,2024-05-28,2024-05-31,904688.0
857,34.42,Pending,Returned,3,USOTZJJWXLIORTACHGOHOVE,2024-05-27,2024-06-03,553003.0
858,34.42,Pending,Not Returned,4,LZIUIOOTLEAVSKZRFQNLYEGZPYIWODT,2024-05-30,2024-06-01,771577.0
859,34.42,Pending,Returned,2,XGNZDDXNYGOLNMSLPZPAOEFYUQKDRTNWICCKTWVEDL,2024-05-31,2024-06-09,684633.0
860,34.42,Pending,Not Returned,4,LDCWBDXDZGBKEMDIGYMJGRRBUAMWBDIHZRPDDRBUKTX,2024-06-01,2024-06-04,446748.0
861,34.42,Cancelled,Returned,4,XNUQYHASSUGAAJMVELCSDOM,2024-05-29,2024-06-03,836583.0
862,34.42,Refunded,Returned,3,ZBILDZSJKGMILBVUAGAZYPDHQUSDDH,2024-06-03,2024-06-07,303623.0
863,34.42,Pending,Returned,4,ZPSAEBPMFDYGBWJNHCCBQSJLWKIYM,2024-06-03,2024-06-12,147640.0
864,34.42,Pending,Returned,1,NVKEBGQFNDCKANFWQQWKVGMHH,2024-06-04,2024-06-09,940856.0
865,34.42,Cancelled,Not Returned,5,YGYVIKBRVCRPHWHFYYBPZUISUOXB,2024-06-04,2024-06-10,442764.0
866,34.42,Completed,Returned,5,VKTLOPFCFWZCUMLHBGQGADODLPURNNKPOV,2024-06-04,2024-06-06,545141.0
867,34.42,Completed,Not Returned,3,XMZQDLRHLDHBDLYUVJOIIGBGI,2024-06-04,2024-06-08,269612.0
868,34.42,Completed,Not Returned,5,WLGSVXPZHSFBBHJUUKTZTXCPCHSLRMKMUCFWC,2024-06-08,2024-06-16,0.0
869,34.42,Refunded,Returned,1,ZANWTGYIAJMLDGJVYGOSGZNUNRJCFVWVINUUXHACVFAR,2024-06-08,2024-06-17,447278.0
870,34.42,Completed,Not Returned,3,WQZUAVWHLSNSQPSEVSDEEYXAROUSW,2024-06-10,2024-06-13,373942.0
871,34.42,Pending,Returned,2,FRHEVHFJCMGDMFPVUAXMZBTSFKQIEEPDT,2024-06-09,2024-06-14,815887.0
872,34.42,Cancelled,Not Returned,5,MQIYMPTJJTPWTAKMYREDXFOWBDNDRZTPIHKNQMHNKIHNOZAX,2024-06-10,2024-06-18,452524.0
873,34.42,Cancelled,Not Returned,4,EYNYVPSPGCWHUUNTCXKVNVBDUZESJUU,2024-06-12,2024-06-14,0.0
874,34.42,Completed,Returned,1,UCOSUYBYCLWNQPQXICVNC,2024-06-10,2024-06-12,217066.0
875,34.42,Cancelled,Returned,1,WUSXMEALOYSBCGKJHBNMGUIGA,2024-06-11,2024-06-19,400203.0
876,34.42,Pending,Not Returned,5,FYAPCMUDQJDTLZMDPSGA,2024-06-12,2024-06-21,175213.0
877,34.42,Completed,Returned,2,BANTEOJUBKPSDJVVLBBILBRPSOYPFOLVLJU,2024-06-13,2024-06-16,844371.0
878,34.42,Pending,Returned,4,WDJZSWNJQVKRBKHSYPDNVQKZZCDUMQTUTJ,2024-06-13,2024-06-15,858050.0
879,34.42,Refunded,Not Returned,2,WXLHCUJXGYJGRTNLHYGEAOILVRKJJRZATZKBZKYBIAWFV,2024-06-13,2024-06-22,223694.0
880,34.42,Pending,Not Returned,2,OAZXXRDMDOBILNTDODEJL,2024-06-16,2024-06-19,399242.0
881,34.42,Pending,Returned,5,HDCARTYNQFFJSJYZCAROTDRJVVSQJYD,2024-06-19,2024-06-27,834626.0
882,34.42,Pending,Not Returned,4,EGSSHAXHSQITWPISPUZMSEBDLRCUYSZVDDPKZZMUKGND,2024-06-21,2024-06-30,654471.0
883,34.42,Pending,Returned,5,LMYIIBCULQDNUIHAMCNSFDTAJML,2024-06-23,2024-06-26,235254.0
884,34.42,Refunded,Returned,5,DQOUCJUNSUDYNFLZBQAQYEPNTJUYCC,2024-06-21,2024-06-26,455111.0
885,34.42,Completed,Not Returned,1,RXWRDGAPQHFBZJQSDMUZSPMELGIEDJPKIXEYKIQVKUFZPSN,2024-06-25,2024-06-27,859116.0
886,34.42,Pending,Returned,5,JUWDVUBMKLAVUILGQJFGSN,2024-07-02,2024-07-10,592229.0
887,34.42,Completed,Not Returned,3,KBAZJLIWZKATJSWUYKCPVJBSDPFKQOVDXYHXRNZBPVOU,2024-07-01,2024-07-07,117116.0
888,34.42,Cancelled,Returned,4,ILJGEZWHLAJKWTEMRJUYQSDIR,2024-07-01,2024-07-07,523209.0
889,34.42,Pending,Returned,1,GYLZDULLZDLWHXCPBFQLIPGHGUEWGRRPGUB,2024-07-01,2024-07-06,930606.0
890,34.42,Pending,Returned,4,YHBRSTILVSHVHJROXKUZNONLDCLYZGGVYSNA,2024-07-04,2024-07-12,213723.0
891,34.42,Cancelled,Not Returned,1,YVJRMHIZOHYACSISONZACBYARA,2024-07-04,2024-07-09,487897.0
892,34.42,Completed,Not Returned,3,GMQMMJFEJNKEDCNMXWELYWJBGGDL,2024-07-03,2024-07-06,558692.0
893,34.42,Refunded,Returned,5,XDGTMHNCBJFWGPFPXLVOVCPROWFQBBQSEDRHIXWZRVKPPDU,2024-07-04,2024-07-12,249280.0
894,34.42,Pending,Not Returned,1,MYTHKUIRTCWRSIXRVPNSVOUZDLGK,2024-07-04,2024-07-10,0.0
895,34.42,Cancelled,Not Returned,1,GTCDBTOTLUQRHXHEXITTWEJAXDXPRLTOREZZNXGKOUKGU,2024-07-06,2024-07-08,104512.0
896,34.42,Cancelled,Returned,1,TTZDXAZUZBZDEXBBRXNCURVJFBTKRNZTMGUZTJZSMV,2024-07-09,2024-07-15,471864.0
897,34.42,Pending,Not Returned,3,TLHRYBPHPHWMZFABGMDIS,2024-07-07,2024-07-16,179101.0
898,34.42,Completed,Not Returned,4,CWBPJLRBNLTXXXHWVGMONEHREWIJQYCAGOSHKBT,2024-07-19,2024-07-24,152794.0
899,34.42,Completed,Not Returned,3,BKTQJECITVYBWSQYYLTIWDRPUXJZVLKETKPOFMPCRAYQTFI,2024-07-16,2024-07-21,655930.0
900,34.42,Pending,Returned,1,GWVYKZWCPFGLGVSVPRJAHCP,2024-07-19,2024-07-27,604759.0
901,34.42,Cancelled,Returned,1,CBLHSXRTYOQRRIZEKDZJDWCYPUKIAJLXBOXTPBMRVSK,2024-07-21,2024-07-29,389135.0
902,34.42,Pending,Not Returned,5,ZCIENGLURKXIKRBTMOHEEGLTLIDHSVAWK,2024-07-22,2024-07-30,103096.0
903,34.42,Refunded,Returned,3,MRUTJMYLMBCQZUSLPTTVJWWOHSELJVNVLXMUUQAVJZ,2024-07-24,2024-08-01,381842.0
904,34.42,Refunded,Not Returned,3,KJFOIHWWFFQLGEPWFHCHGQSZ,2024-07-24,2024-07-27,130781.0
905,34.42,Completed,Returned,2,NYFGESUGILYOOXUPWTZOELDCAMELBFERXERPQBQ,2024-07-25,2024-07-27,549962.0
906,34.42,Refunded,Not Returned,4,ZCNSLZAGZGMIEDEXXTLHMDTKOXNRT,2024-07-22,2024-07-27,212231.0
907,34.42,Cancelled,Returned,2,AKXTFEMJFDDGPAIZSTOI,2024-07-25,2024-08-03,829539.0
908,34.42,Refunded,Not Returned,2,TVAZAPEUIASPCDLGOWOZEYWBLSWEWYYCXFMTODTG,2024-07-27,2024-08-03,379629.0
909,34.42,Pending,Returned,4,RUUVGLKXLZOHKURJHFCTLQCTRLVXPVJSINTNVDOTB,2024-07-28,2024-07-30,528136.0
910,34.42,Cancelled,Not Returned,5,RBRHJTDJJCUDWJGVWLGMHMAPSSUZMGOZFDVWTKXUSBQOT,2024-08-01,2024-08-07,225530.0
911,34.42,Completed,Returned,5,LCQNFDUHTVCHMSOWGCSZJPNHKSBEKGHQLRGIS,2024-08-02,2024-08-05,962883.0
912,34.42,Completed,Returned,4,XZSTRYOUUDMELQJZLFTTLMUQTJSEZEHQC,2024-08-03,2024-08-11,148507.0
913,34.42,Refunded,Returned,4,PSFJPMCVHTHGKTCUUGKQYRYIMOSOGCXHMPCUWACP,2024-08-02,2024-08-08,325121.0
914,34.42,Completed,Not Returned,3,RNGWCVPFRYMXBLDITWEJ,2024-08-04,2024-08-12,118825.0
915,34.42,Pending,Not Returned,3,ATEFVUSKOBOGQLLETGBMXIOZO,2024-08-07,2024-08-14,290101.0
916,34.42,Cancelled,Not Returned,3,UTUYCASTMOMRQAOXDBZS,2024-08-09,2024-08-14,737672.0
917,34.42,Pending,Returned,3,VPHJPESFJXEUSSMOHKADYVVZMGG,2024-08-06,2024-08-15,895221.0
918,34.42,Pending,Not Returned,1,YHLXRWOPAJOXMSMIUPWNWIRDL,2024-08-17,2024-08-22,572603.0
919,34.42,Pending,Returned,1,EKESUGDHFFVDNCJVFRJIPTDZKLXSJGGRCLNTBIJFQOA,2024-08-19,2024-08-28,980827.0
920,34.42,Pending,Returned,5,VMJLWVPBCHTOXSRWASBERPJUCYJYXMUJKGBSRZKQCTL,2024-08-18,2024-08-20,574096.0
921,34.42,Cancelled,Returned,1,BYAIVXSHIGDVPFRBKEQEZCSHKCCAXMJZFKHSKFLRCMDI,2024-08-19,2024-08-27,662750.0
922,34.42,Cancelled,Not Returned,1,LTGLHUOBKXUEWFSNGLQDTVVJXAWDMFZONYC,2024-08-21,2024-08-30,618657.0
923,34.42,Pending,Returned,3,SFBIMRLUVDWGLWKGZJIBEJYNPBSWINOSZHOHDFKLXIR,2024-08-23,2024-08-28,331649.0
924,34.42,Pending,Not Returned,3,UZCMFNADVRKKHDBAXJQGGMVXZAAMAFWZYJUA,2024-08-23,2024-09-01,701455.0
925,34.42,Completed,Not Returned,4,EVYBCWCRWHIBBPGDEAVJMXOARWNRYVLLEGZXMIFUGROH,2024-08-24,2024-08-31,283375.0
926,34.42,Completed,Returned,3,TPQCMITOZZPPSDSSBFMOJVJDNHFLHFOYSNCRJNNVGGUVWKR,2024-08-23,2024-08-25,322107.0
927,34.42,Cancelled,Not Returned,4,OLWQVXQAFUOSNJJWGGNOVTIOIWGXK,2024-08-28,2024-09-04,785813.0
928,34.42,Completed,Returned,4,IFGWYWNSVVKGFDNVCQOAUKMX,2024-08-29,2024-09-02,666477.0
929,34.42,Cancelled,Returned,1,MRXIYBHBWXAXCQGJSXIROQ,2024-08-29,2024-09-03,956691.0
930,34.42,Cancelled,Not Returned,3,ZVZQSIYFSHFQFMUXBLGFQHFSUWITPRSGHUSAZMAKBUC,2024-09-01,2024-09-07,635296.0
931,34.42,Refunded,Returned,1,GBBCMLARESJFRONXPDSUHYATVVMIAOON,2024-09-03,2024-09-09,635550.0
932,34.42,Cancelled,Returned,3,ZQFITZZYSWUZQGHOFAIGVTSD,2024-09-07,2024-09-09,518792.0
933,34.42,Completed,Returned,1,IBPBCNMQJCDYEKFASGWJ,2024-09-09,2024-09-16,893998.0
934,34.42,Refunded,Not Returned,1,LLAIQWLBILYYDVLRCVAWRXUWHSVYDZWPQWIZHTSGLAXQWFZX,2024-09-11,2024-09-18,895864.0
935,34.42,Completed,Not Returned,1,EYTGVZVLEBDQYYHTEQTDURRRPKHLRVRHPQBUVOYVX,2024-09-10,2024-09-17,115402.0
936,34.42,Cancelled,Not Returned,5,GABDPLQXDPGWHYINWIOUZDCVJYDRKSSRMYDCPNJFHXPJVUG,2024-09-11,2024-09-18,689700.0
937,34.42,Cancelled,Returned,1,ZRMHNILFTVWLXSLVZVZGOPDFPOBXCOYHLVZBOH,2024-09-13,2024-09-17,960615.0
938,34.42,Pending,Returned,2,VKQVUVATWOUVBXJTFCYMXOFIJIRIXRIEMLISTAKEGMWFMF,2024-09-14,2024-09-23,490101.0
939,34.42,Cancelled,Not Returned,2,HKJIDNDXOUJNYFPYLDADYMGOFNRDACMRDD,2024-09-16,2024-09-21,0.0
940,34.42,Refunded,Not Returned,2,NYGCGHLGXPYQZVDQRZDQOVQMYZCLQV,2024-09-17,2024-09-24,180764.0
941,34.42,Cancelled,Not Returned,4,GGZKPDPESVNGIYMPUDGCTOYUZNGRYEUTHTRUSTCWF,2024-09-20,2024-09-23,803781.0
942,34.42,Pending,Not Returned,1,ONXUVHKKLPGCBCHTHDWMVZQXVRELBJGOZVGOP,2024-09-21,2024-09-24,160990.0
943,34.42,Cancelled,Not Returned,2,ZAOCJPBQADKQBAFKDXKEJEXZVVCFZMPGRCFJPYMYX,2024-09-23,2024-10-01,120478.0
944,34.42,Cancelled,Returned,4,IPKIJKYUVOUMQDKAACWOAWZZPQIEFOICSUMMWCTNBYJ,2024-09-28,2024-10-06,257170.0
945,34.42,Cancelled,Not Returned,2,MKBPEAHVPNZZBRZUGYYLOVBVQKBS,2024-09-26,2024-10-02,503693.0
946,34.42,Pending,Returned,3,ZQPZMMMEETSGKWAGCMCFVODE,2024-09-30,2024-10-05,173642.0
947,34.42,Completed,Returned,5,SYUPQIZVINWKZJWEWZDKFB,2024-09-30,2024-10-03,404434.0
948,34.42,Cancelled,Returned,1,ZCRZRGUMMFCJUEKDJDMHFKBRRVLQSQDQPIKLKMVHNRNPOVTGH,2024-09-30,2024-10-02,572653.0
949,34.42,Refunded,Returned,5,FMQHKQIBJVXUNBEQXHRVXZHLNWCNDAINZJRJGHNDKJQEJJVGQ,2024-09-30,2024-10-05,918770.0
950,34.42,Pending,Not Returned,5,TLEEWDZGXBAZJAMQIDIGWBRUOJQGKGKXWXOSSXYJPTHABJJJ,2024-10-03,2024-10-09,933689.0
951,34.42,Refunded,Returned,3,RBXEUKFHHYJKSYNKCAUWCIAVLLFH,2024-10-04,2024-10-12,787277.0
952,34.42,Cancelled,Not Returned,3,CUKZKEXGSGJHUUNAMXFFUECLOCPRIHKCEJEHFWUPLQHDUQCR,2024-10-05,2024-10-09,403755.0
953,34.42,Pending,Returned,3,BMAVXCAZBSVCYAWZXIHEAOQOHWUZCITNFTY,2024-10-05,2024-10-07,858876.0
954,34.42,Cancelled,Not Returned,4,XLCXCUQFOKRCQKFEJBOKXYN,2024-10-05,2024-10-07,121131.0
955,34.42,Refunded,Not Returned,2,CVVPNJVHLEZZMXLCWQTEWFMFMOBKPRBJM,2024-10-06,2024-10-15,338620.0
956,34.42,Pending,Returned,1,HGPQIHYTEEYXMPZVZKOZQOWYLDDUPOHUTHKUXQCGLAKEFNQ,2024-10-07,2024-10-14,567816.0
957,34.42,Completed,Not Returned,3,YYCDADNUGUXGABWCRKLNIJMXXCZIXBWHGIMGGABUQJ,2024-10-06,2024-10-11,584412.0
958,34.42,Completed,Returned,1,PWUMUHIZAZDRYYACJXBRBMUIWWBBENWWYC,2024-10-08,2024-10-17,0.0
959,34.42,Completed,Not Returned,1,AIPQHOUHGIBYJEPUAFJJZZSMZSCMDYHLV,2024-10-06,2024-10-14,0.0
960,34.42,Cancelled,Returned,1,XQYABIWZASQEOTXYLDOCNDSFQRHSTLQSAKJPEQIWHYJ,2024-10-10,2024-10-14,0.0
961,34.42,Pending,Returned,3,CWWWLXDVRWIUDBGRBYBJCSBZCIK,2024-10-17,2024-10-19,546433.0
962,34.42,Refunded,Not Returned,3,CELOWQPQOZMBQAJDJLCASASDMNNXCS,2024-10-18,2024-10-22,135574.0
963,34.42,Refunded,Not Returned,2,YKIFZDZEIAWOKWZAQONIWDIECRIDGAPYYZFFNVEKATJAUDHA,2024-10-23,2024-11-01,601405.0
964,34.42,Cancelled,Returned,3,NXQIYFAWWIANXKHWLFQKJHLUDUU,2024-10-24,2024-10-30,783996.0
965,34.42,Cancelled,Returned,3,MZCTDHEVZBYHXZEPUOSMKPRYOFHDUZPUKZTBVDNKDZCXVYEFI,2024-10-23,2024-10-25,454598.0
966,34.42,Refunded,Not Returned,1,ZGMJLJKKVFFTZFLWNRYWSJJ,2024-10-24,2024-11-01,308878.0
967,34.42,Pending,Returned,2,ZJNEYVKGTRKTYCGDSURKNJNDWL,2024-10-28,2024-10-31,984469.0
968,34.42,Cancelled,Returned,5,BZFESUOJGSHOWDMEZKPTROYAHDISGOC,2024-10-27,2024-11-04,834503.0
969,34.42,Pending,Returned,3,LWBSXGKSHMIBROWKXOURNZUSMYPBYBQZVVTRJLCFTEYUZ,2024-10-25,2024-10-31,826194.0
970,34.42,Refunded,Not Returned,3,HRPNFKFEOFUPRUACWTXCGNRXOMSVBGMDFRSOCTQPMVVTHU,2024-11-01,2024-11-07,978849.0
971,34.42,Pending,Returned,5,NDGJOZPHBQFPBXURKLEBVXRVFAIOHNDGTHJRRSDMFUZMZ,2024-10-30,2024-11-06,586105.0
972,34.42,Completed,Returned,1,VPTJIGQXTGBSABERFFVPPCCZWDFXCYICFUTXZIOIEU,2024-10-29,2024-11-07,365522.0
973,34.42,Refunded,Not Returned,2,PCIQCGGUFTHDZOFPELNZFCSJGMAAQVDNFNOATPDBAMPHVD,2024-11-01,2024-11-03,787223.0
974,34.42,Completed,Returned,1,MEYWTUXMEPFPZVXMKUADC,2024-11-01,2024-11-04,650151.0
975,34.42,Refunded,Returned,4,WPMMGXOZOEQVVKXMJOBKYKVAYHZQHMWEFTYYZ,2024-10-31,2024-11-09,864190.0
976,34.42,Completed,Returned,3,QPISBDTIDEFTAMRCTEMJZCKAOXXDOGODC,2024-11-04,2024-11-08,0.0
977,34.42,Pending,Returned,4,NFAILRCUSCXNDMMZBUBJKXOCNRSSASCTHYQAFQUAMX,2024-11-02,2024-11-05,863067.0
978,34.42,Refunded,Not Returned,3,EVTMHLYIQNGDZXGQQABZRIEAGZBCDCS,2024-11-02,2024-11-11,986354.0
979,34.42,Refunded,Returned,4,LODXAPFQEWMLAYLYVBRIPTOVJBDRSRNHEEHKXWUGMQSC,2024-11-09,2024-11-15,159596.0
980,34.42,Completed,Returned,5,FSODSGTUNGTNVYVEOLQXU,2024-11-13,2024-11-15,370991.0
981,34.42,Pending,Returned,3,SJLBQYEZOTWMTKRIPXODXLMI,2024-11-11,2024-11-14,208822.0
982,34.42,Refunded,Returned,3,RTVGUZLJGNODHSSEVCJOBUJVPCGSOLBMZT,2024-11-12,2024-11-20,657450.0
983,34.42,Cancelled,Returned,4,GXCFAUBAWZDEBPHOKJCWKQJQNWAYIXXODTUYCT,2024-11-13,2024-11-16,657527.0
984,34.42,Completed,Not Returned,2,UGUYVCVVOJPQWSAAUNZZBBTJOOGHKPZWYGTIYSZXARHHV,2024-11-15,2024-11-21,261144.0
985,34.42,Refunded,Not Returned,4,NXBCGCOKBVRNRBDNGOFETRKHLRO,2024-11-14,2024-11-23,0.0
986,34.42,Pending,Returned,3,HZDUOKABHPACRZPUTTMTDDVBMMTGGQJLYWVPBVUILQPESY,2024-11-15,2024-11-19,801385.0
987,34.42,Pending,Returned,3,QVCQOSORZLLXCKWJVOWKWZATDUZUHTMQOUACXZUWQVXVDHO,2024-11-18,2024-11-27,358034.0
988,34.42,Pending,Not Returned,2,NFXVOTVIXWEMGQHEWGHGVLFUUDW,2024-11-20,2024-11-23,555672.0
989,34.42,Pending,Not Returned,1,CESHEMJFAKTIPOEOAODPVGWHUVBLZBNSTFVSQCTYJXMTWYRS,2024-11-20,2024-11-27,0.0
990,34.42,Completed,Not Returned,2,HRGWKCBSXYKHKBLIFLRYEVQPLBPATBMPASDT,2024-11-21,2024-11-30,0.0
991,34.42,Refunded,Returned,1,BLXZMREWYLSAIAXRWCFVDX,2024-11-18,2024-11-27,414659.0
992,34.42,Completed,Returned,3,LEWUMLDFSFFKVNCHDPRGKHTFXPEYFFB,2024-11-19,2024-11-28,262969.0
993,34.42,Completed,Returned,5,IOUNUMEQEZXCIIVDTKQNJEUUQP,2024-11-21,2024-11-24,125039.0
994,34.42,Pending,Returned,5,JLRAXLTFHNEVDVPFCDVH,2024-11-29,2024-12-04,420449.0
995,34.42,Cancelled,Returned,4,NGDSKOXPFLHYYJKIZQNCITZRQETUUXFCPOYHIDMXCUGPQQST,2024-11-30,2024-12-06,116985.0
996,34.42,Pending,Returned,2,XBEPVKVFKASCHVRMATQELKXZRHXVXMBWPLHD,2024-12-01,2024-12-06,268451.0
997,34.42,Cancelled,Not Returned,2,IKPFLSPMDLDQNZQATAVBQWVALMNJLYVRG,2024-11-29,2024-12-05,856444.0
998,34.42,Completed,Not Returned,5,OGNIEAPEXHSTLHHWFTZIBRAKOLCSTSJPFIHVPH,2024-12-02,2024-12-08,713007.0
999,34.42,Pending,Returned,1,ZVRETLFBDPXNQSDRLBFFCHLCBUWARRHZVNMOOMDDECL,2024-12-05,2024-12-10,0.0
1000,34.42,Pending,Returned,2,TLTGGALCOIVVTZINCHFLBCNQCDOVZGSNPMWTQQXJGTQVLKJWV,2024-12-05,2024-12-13,746250.0
